date,store,machine_id,spins,bb,rb,event_frag,合算確率,BB確率,Rb確率,投入枚数(IN),払出枚数(OUT),利益(円),1Gあたり利益,稼働率,設定1差分,設定2差分,設定3差分,設定4差分,設定5差分,設定6差分,最小差分,推定設定,データ異常,設定信頼度,店舗日ID,イベント名
2026/03/17,1,1,7490,45,19,1,117.03125,166.4444444,394.2105263,22470,12624,196920,26.29105474,0.727184466,128.7397661,117.371345,186.871345,243.871345,262.871345,310.371345,117.371345,2,0,11.36842105,1_46098,特定日
2026/03/17,1,2,7383,33,27,1,123.05,223.7272727,273.4444444,22149,10512,232740,31.52377082,0.7167961165,252.6060606,213.6060606,136.1060606,55.10606061,24.43939394,71.93939394,24.43939394,5,0,30.66666667,1_46098,特定日
2026/03/17,1,3,8245,39,16,1,149.9090909,211.4102564,515.3125,24735,10896,276780,33.56943602,0.8004854369,221.0584936,254.0584936,323.5584936,380.5584936,399.5584936,447.0584936,221.0584936,1,0,33,1_46098,特定日
2026/03/17,1,4,7163,24,19,1,166.5813953,298.4583333,377,21489,7584,278100,38.82451487,0.6954368932,73.45833333,40.45833333,93.95833333,174.9583333,221.9583333,291.4583333,40.45833333,2,0,33,1_46098,特定日
2026/03/17,1,5,6479,28,10,1,170.5,231.3928571,647.9,19437,7680,235140,36.29263775,0.6290291262,399.9571429,432.9571429,502.4571429,559.4571429,578.4571429,630.7428571,399.9571429,1,0,33,1_46098,特定日
2026/03/17,1,6,9519,46,41,1,109.4137931,206.9347826,232.1707317,28557,14976,271620,28.53450993,0.9241747573,331.3091198,292.3091198,214.8091198,133.8091198,86.80911983,26.82131495,26.82131495,6,0,59.98780488,1_46098,特定日
2026/03/17,1,7,9420,17,23,1,235.5,554.1176471,409.5652174,28260,6288,439440,46.64968153,0.9145631068,281.9654731,320.9654731,398.4654731,479.4654731,526.4654731,595.9654731,281.9654731,1,0,39,1_46098,特定日
2026/03/17,1,8,9209,41,37,1,118.0641026,224.6097561,248.8918919,27627,13392,284700,30.91540884,0.8940776699,288.5524061,249.5524061,172.0524061,91.05240606,44.05240606,34.22808174,34.22808174,6,0,9.824324324,1_46098,特定日
2026/03/17,1,9,3086,7,3,1,308.6,440.8571429,1028.666667,9258,1968,145800,47.24562541,0.2996116505,1097.357143,1136.357143,1213.857143,1294.857143,1341.857143,1411.357143,1097.357143,1,0,39,1_46098,特定日
2026/03/17,1,10,7213,25,25,1,144.26,288.52,288.52,21639,8400,264780,36.70872037,0.7002912621,196.24,163.24,93.74,36.74,79.3,148.8,36.74,4,0,42.56,1_46098,特定日
2026/03/17,2,1,4504,20,13,0,136.4848485,225.2,346.4615385,13512,6048,149280,33.14387211,0.4372815534,141.6076923,102.6076923,56.49230769,113.4923077,132.4923077,179.9923077,56.49230769,3,0,46.11538462,2_46098,通常
2026/03/17,2,2,551,2,0,0,275.5,275.5,,1653,480,23460,42.57713249,0.05349514563,616,583,513.5,456.5,437.5,390,390,6,1,47.5,2_46098,通常
2026/03/17,2,3,633,1,2,0,211,633,316.5,1899,432,29340,46.3507109,0.06145631068,498.75,465.75,396.25,418.75,465.75,535.25,396.25,3,0,22.5,2_46098,通常
2026/03/17,2,4,1574,4,3,0,224.8571429,393.5,524.6666667,4722,1248,69480,44.14231258,0.152815534,294,333,410.5,491.5,538.5,608,294,1,0,39,2_46098,通常
2026/03/17,2,5,4027,10,19,0,138.862069,402.7,211.9473684,12081,4224,157140,39.02160417,0.3909708738,425.2789474,392.2789474,322.7789474,265.7789474,246.7789474,199.2789474,199.2789474,6,0,47.5,2_46098,通常
2026/03/17,2,6,3607,10,11,0,171.7619048,360.7,327.9090909,10821,3456,147300,40.83726088,0.3501941748,209.3363636,176.3363636,106.8363636,163.5636364,210.5636364,280.0636364,106.8363636,3,0,56.72727273,2_46098,通常
2026/03/17,2,7,1870,6,5,0,170,311.6666667,374,5610,1920,73800,39.46524064,0.1815533981,91.16666667,58.16666667,102.6666667,183.6666667,230.6666667,300.1666667,58.16666667,2,0,33,2_46098,通常
2026/03/17,2,8,255,0,0,0,,,,765,0,15300,60,0.02475728155,886.5,847.5,770,689,642,572.5,572.5,6,1,69.5,2_46098,通常
2026/03/17,2,9,4369,16,16,0,136.53125,273.0625,273.0625,13107,5376,154620,35.39024949,0.4241747573,203.96875,170.96875,101.46875,44.46875,40.65625,110.15625,40.65625,5,0,3.8125,2_46098,通常
2026/03/17,2,10,300,0,0,0,,,,900,0,18000,60,0.02912621359,886.5,847.5,770,689,642,572.5,572.5,6,1,69.5,2_46098,通常
2026/03/17,3,1,1919,6,6,0,159.9166667,319.8333333,319.8333333,5757,2016,74820,38.9890568,0.1863106796,180.5833333,147.5833333,78.08333333,110.5833333,157.5833333,227.0833333,78.08333333,3,0,32.5,3_46098,通常
2026/03/17,3,2,2907,7,8,0,193.8,415.2857143,363.375,8721,2448,125460,43.15789474,0.2822330097,210.7232143,177.7232143,190.3482143,271.3482143,318.3482143,387.8482143,177.7232143,2,0,12.625,3_46098,通常
2026/03/17,3,3,1242,5,2,0,177.4285714,248.4,621,3726,1392,46680,37.58454106,0.1205825243,342.6,375.6,445.1,502.1,537.9,607.4,342.6,1,0,33,3_46098,通常
2026/03/17,3,4,4434,20,13,0,134.3636364,221.7,341.0769231,13302,6048,145080,32.71989175,0.4304854369,153.1846154,114.1846154,51.91538462,108.9153846,127.9153846,175.4153846,51.91538462,3,0,57,3_46098,通常
2026/03/17,3,5,2320,5,8,0,178.4615385,464,290,6960,1968,99840,43.03448276,0.2252427184,369.5,336.5,267,210,257,326.5,210,4,0,47,3_46098,通常
2026/03/17,3,6,4608,22,15,0,124.5405405,209.4545455,307.2,13824,6720,142080,30.83333333,0.4473786408,216.2454545,177.2454545,99.74545455,70.34545455,89.34545455,136.8454545,70.34545455,4,0,19,3_46098,通常
2026/03/17,3,7,2651,7,6,0,203.9230769,378.7142857,441.8333333,7953,2256,113940,42.98000754,0.2573786408,154.9642857,193.9642857,271.4642857,352.4642857,399.4642857,468.9642857,154.9642857,1,0,39,3_46098,通常
2026/03/17,3,8,745,1,1,0,372.5,745,745,2235,336,37980,50.97986577,0.07233009709,976,1015,1092.5,1173.5,1220.5,1290,976,1,0,39,3_46098,通常
2026/03/17,3,9,2835,14,3,0,166.7647059,202.5,945,8505,3648,97140,34.26455026,0.2752427184,874.5,907.5,977,1034,1053,1100.5,874.5,1,0,33,3_46098,通常
2026/03/17,3,10,3473,15,9,0,144.7083333,231.5333333,385.8888889,10419,4464,119100,34.29311834,0.337184466,76.13333333,39.8,109.3,166.3,185.3,237.8666667,39.8,2,0,36.33333333,3_46098,通常
2026/03/17,4,1,8192,64,27,1,90.02197802,128,303.4074074,24576,17952,132480,16.171875,0.7953398058,303.3888889,264.3888889,186.8888889,146.1111111,165.1111111,212.6111111,146.1111111,4,0,19,4_46098,特定日
2026/03/17,4,2,4946,16,11,1,183.1851852,309.125,449.6363636,14838,4896,198840,40.20218358,0.4801941748,97.07954545,136.0795455,213.5795455,294.5795455,341.5795455,411.0795455,97.07954545,1,0,39,4_46098,特定日
2026/03/17,4,3,8454,25,18,1,196.6046512,338.16,469.6666667,25362,7728,352680,41.71753016,0.820776699,156.16,195.16,272.66,353.66,400.66,470.16,156.16,1,0,39,4_46098,特定日
2026/03/17,4,4,5392,17,17,1,158.5882353,317.1764706,317.1764706,16176,5712,209280,38.81305638,0.5234951456,181.9117647,148.9117647,79.41176471,103.9411765,150.9411765,220.4411765,79.41176471,3,0,24.52941176,4_46098,特定日
2026/03/17,4,5,4935,16,12,1,176.25,308.4375,411.25,14805,4992,196260,39.76899696,0.4791262136,38.8125,77.8125,155.3125,236.3125,283.3125,352.8125,38.8125,1,0,39,4_46098,特定日
2026/03/17,4,6,8786,29,32,1,144.0327869,302.9655172,274.5625,26358,10032,326520,37.16366947,0.8530097087,231.6217672,198.6217672,129.1217672,72.12176724,72.80926724,142.3092672,72.12176724,4,0,0.6875,4_46098,特定日
2026/03/17,4,7,3848,11,5,1,240.5,349.8181818,769.6,11544,3120,168480,43.78378378,0.373592233,617.7181818,656.7181818,734.2181818,815.2181818,862.2181818,931.7181818,617.7181818,1,0,39,4_46098,特定日
2026/03/17,4,8,5556,23,16,1,142.4615385,241.5652174,347.25,16668,7056,192240,34.60043197,0.5394174757,124.0597826,85.05978261,41.30978261,98.30978261,120.4402174,189.9402174,41.30978261,3,0,43.75,4_46098,特定日
2026/03/17,4,9,5763,20,21,1,140.5609756,288.15,274.4285714,17289,6816,209460,36.34565331,0.5595145631,217.0071429,184.0071429,114.5071429,57.50714286,57.79285714,127.2928571,57.50714286,4,0,0.2857142857,4_46098,特定日
2026/03/17,4,10,6204,23,13,1,172.3333333,269.7391304,477.2307692,18612,6768,236880,38.18181818,0.6023300971,105.6070234,138.6070234,215.5852843,296.5852843,343.5852843,413.0852843,105.6070234,1,0,33,4_46098,特定日
2626/03/18,1,1,1699,3,0,0,566.3333333,566.3333333,,5097,720,87540,51.52442613,0.1649514563,906.8333333,873.8333333,804.3333333,747.3333333,728.3333333,680.8333333,680.8333333,6,1,47.5,1_265244,通常
2626/03/18,1,2,4740,13,17,0,158,364.6153846,278.8235294,14220,4752,189360,39.94936709,0.4601941748,286.8800905,253.8800905,184.3800905,127.3800905,140.8506787,210.3506787,127.3800905,4,0,13.47058824,1_265244,通常
2626/03/18,1,3,849,3,0,0,283,283,,2547,720,36540,43.03886926,0.08242718447,623.5,590.5,521,464,445,397.5,397.5,6,1,47.5,1_265244,通常
2626/03/18,1,4,3579,9,11,0,178.95,397.6666667,325.3636364,10737,3216,150420,42.02849958,0.3474757282,250.1212121,217.1212121,147.6212121,196.7121212,243.7121212,313.2121212,147.6212121,3,0,49.09090909,1_265244,通常
2626/03/18,1,5,5614,19,19,0,147.7368421,295.4736842,295.4736842,16842,6384,209160,37.25685786,0.5450485437,192.7631579,159.7631579,90.26315789,49.68421053,96.68421053,166.1842105,49.68421053,4,0,40.57894737,1_265244,通常
2626/03/18,1,6,1450,4,2,0,241.6666667,362.5,725,4350,1152,63960,44.11034483,0.140776699,563.5,602.5,680,761,808,877.5,563.5,1,0,39,1_265244,通常
2626/03/18,1,7,3647,13,11,0,151.9583333,280.5384615,331.5454545,10941,4176,135300,37.09898547,0.3540776699,123.7202797,90.72027972,21.22027972,88.85664336,135.8566434,205.3566434,21.22027972,3,0,67.63636364,1_265244,通常
2626/03/18,1,8,1062,4,3,0,151.7142857,265.5,354,3186,1248,38760,36.49717514,0.1031067961,90,51,27.5,107.5,154.5,224,27.5,3,0,23.5,1_265244,通常
2626/03/18,1,9,7104,28,18,0,154.4347826,253.7142857,394.6666667,21312,8448,257280,36.21621622,0.6897087379,40.78571429,30.78571429,100.2857143,157.2857143,203.7142857,273.2142857,30.78571429,2,0,10,1_265244,通常
2626/03/18,1,10,2512,8,6,0,179.4285714,314,418.6666667,7536,2496,100800,40.12738854,0.2438834951,55.5,94.5,172,253,300,369.5,55.5,1,0,39,1_265244,通常
2626/03/18,2,1,1695,11,6,0,99.70588235,154.0909091,282.5,5085,3216,37380,22.05309735,0.1645631068,308.6590909,269.6590909,192.1590909,111.1590909,107.6590909,155.1590909,107.6590909,5,0,3.5,2_265244,通常
2626/03/18,2,2,1052,0,4,0,263,,263,3156,384,55440,52.69961977,0.1021359223,492,453,375.5,294.5,247.5,280,247.5,5,1,32.5,2_265244,通常
2626/03/18,2,3,734,4,0,0,183.5,183.5,,2202,960,24840,33.84196185,0.07126213592,703,664,586.5,505.5,458.5,389,389,6,1,69.5,2_265244,通常
2626/03/18,2,4,1202,5,1,0,200.3333333,240.4,1202,3606,1296,46200,38.4359401,0.1166990291,1222.1,1255.1,1324.6,1381.6,1401.4,1470.9,1222.1,1,0,33,2_265244,通常
2626/03/18,2,5,576,1,1,0,288,576,576,1728,336,27840,48.33333333,0.0559223301,553.5,592.5,670,751,798,867.5,553.5,1,0,39,2_265244,通常
2626/03/18,2,6,3924,19,14,0,118.9090909,206.5263158,280.2857143,11772,5904,117360,29.90825688,0.3809708738,259.5451128,220.5451128,143.0451128,62.04511278,51.90225564,99.40225564,51.90225564,5,0,10.14285714,2_265244,通常
2626/03/18,2,7,152,0,0,0,,,,456,0,9120,60,0.01475728155,886.5,847.5,770,689,642,572.5,572.5,6,1,69.5,2_265244,通常
2626/03/18,2,8,3380,13,12,0,135.2,260,281.6666667,10140,4272,117360,34.72189349,0.3281553398,204,165,87.5,18.5,40.5,110,18.5,4,0,22,2_265244,通常
2626/03/18,2,9,152,0,0,0,,,,456,0,9120,60,0.01475728155,886.5,847.5,770,689,642,572.5,572.5,6,1,69.5,2_265244,通常
2626/03/18,2,10,3924,19,14,0,118.9090909,206.5263158,280.2857143,11772,5904,117360,29.90825688,0.3809708738,259.5451128,220.5451128,143.0451128,62.04511278,51.90225564,99.40225564,51.90225564,5,0,10.14285714,2_265244,通常
2626/03/18,3,1,262,0,0,0,,,,786,0,15720,60,0.0254368932,886.5,847.5,770,689,642,572.5,572.5,6,1,69.5,3_265244,通常
2626/03/18,3,2,5739,20,21,0,139.9756098,286.95,273.2857143,17217,6816,208020,36.24673288,0.557184466,217.5214286,184.5214286,115.0214286,58.02142857,54.87857143,124.3785714,54.87857143,5,0,3.142857143,3_265244,通常
2626/03/18,3,3,163,0,0,0,,,,489,0,9780,60,0.01582524272,886.5,847.5,770,689,642,572.5,572.5,6,1,69.5,3_265244,通常
2626/03/18,3,4,402,0,1,0,402,,402,1206,96,22200,55.2238806,0.03902912621,283.5,295.5,365,422,441,488.5,283.5,1,1,12,3_265244,通常
2626/03/18,3,5,2097,7,4,0,190.6363636,299.5714286,524.25,6291,2064,84540,40.31473534,0.203592233,199.4464286,238.4464286,315.9464286,396.9464286,443.9464286,513.4464286,199.4464286,1,0,39,3_265244,通常
2626/03/18,3,6,1004,1,4,0,200.8,1004,251,3012,624,47760,47.56972112,0.09747572816,968,935,865.5,808.5,789.5,808,789.5,5,0,18.5,3_265244,通常
2626/03/18,3,7,2909,9,8,0,171.1176471,323.2222222,363.625,8727,2928,115980,39.86937092,0.2824271845,118.2847222,85.28472222,98.65972222,179.6597222,226.6597222,296.1597222,85.28472222,2,0,13.375,3_265244,通常
2626/03/18,3,8,1466,5,6,0,133.2727273,293.2,244.3333333,4398,1776,52440,35.77080491,0.1423300971,267.2,234.2,164.7,107.7,88.7,87.2,87.2,6,0,1.5,3_265244,通常
2626/03/18,3,9,576,1,1,0,288,576,576,1728,336,27840,48.33333333,0.0559223301,553.5,592.5,670,751,798,867.5,553.5,1,0,39,3_265244,通常
2626/03/18,3,10,1202,5,1,0,200.3333333,240.4,1202,3606,1296,46200,38.4359401,0.1166990291,1222.1,1255.1,1324.6,1381.6,1401.4,1470.9,1222.1,1,0,33,3_265244,通常
2626/03/18,4,1,5637,28,11,0,144.5384615,201.3214286,512.4545455,16911,7776,182700,32.41085684,0.5472815534,226.8603896,259.8603896,329.3603896,386.3603896,405.3603896,452.8603896,226.8603896,1,0,33,4_265244,通常
2626/03/18,4,2,1704,4,3,0,243.4285714,426,568,5112,1248,77280,45.35211268,0.1654368932,391.5,430.5,508,589,636,705.5,391.5,1,0,39,4_265244,通常
2626/03/18,4,3,5306,23,15,0,139.6315789,230.6956522,353.7333333,15918,6960,179160,33.76554844,0.5151456311,125.2043478,86.20434783,61.90434783,118.9043478,137.9043478,188.7956522,61.90434783,3,0,24.3,4_265244,通常
2626/03/18,4,4,3396,11,10,0,161.7142857,308.7272727,339.6,10188,3600,131760,38.79858657,0.3297087379,139.8272727,106.8272727,48.12727273,129.1272727,176.1272727,245.6272727,48.12727273,3,0,58.7,4_265244,通常
2626/03/18,4,5,6168,24,21,0,137.0666667,257,293.7142857,18504,7776,214560,34.78599222,0.5988349515,188.9285714,149.9285714,72.42857143,8.571428571,55.57142857,125.0714286,8.571428571,4,0,47,4_265244,通常
2626/03/18,4,6,622,1,0,0,622,622,,1866,240,32520,52.2829582,0.06038834951,962.5,929.5,860,803,784,736.5,736.5,6,1,47.5,4_265244,通常
2626/03/18,4,7,4175,27,9,0,115.9722222,154.6296296,463.8888889,12525,7344,103620,24.81916168,0.4053398058,200.7037037,233.7037037,303.2037037,360.2037037,379.2037037,426.7037037,200.7037037,1,0,33,4_265244,通常
2626/03/18,4,8,5420,26,22,0,112.9166667,208.4615385,246.3636364,16260,8352,158160,29.18081181,0.5262135922,308.493007,269.493007,191.993007,110.993007,63.99300699,46.58391608,46.58391608,6,0,17.40909091,4_265244,通常
2626/03/18,4,9,6773,31,21,0,130.25,218.483871,322.5238095,20319,9456,217260,32.07736601,0.6575728155,184.2304147,145.2304147,67.73041475,84.30184332,103.3018433,150.8018433,67.73041475,3,0,16.57142857,4_265244,通常
2626/03/18,4,10,1551,7,3,0,155.1,221.5714286,517,4653,1968,53700,34.62282398,0.1505825243,213.4285714,246.4285714,315.9285714,372.9285714,391.9285714,439.4285714,213.4285714,1,0,33,4_265244,通常
2026/03/19,1,1,2549,13,2,0,169.9333333,196.0769231,1274.5,7647,3312,86700,34.01333856,0.2474757282,1375.173077,1408.173077,1477.673077,1534.673077,1553.673077,1601.173077,1375.173077,1,0,33,1_46100,通常
2026/03/19,1,2,490,0,1,0,490,,490,1470,96,27480,56.08163265,0.04757281553,394.5,427.5,497,554,573,620.5,394.5,1,1,33,1_46100,通常
2026/03/19,1,3,7279,33,23,0,129.9821429,220.5757576,316.4782609,21837,10128,234180,32.17200165,0.7066990291,191.2068511,152.2068511,74.70685112,73.14163373,92.14163373,139.6416337,73.14163373,4,0,1.565217391,1_46100,通常
2026/03/19,1,4,3839,15,21,0,106.6388889,255.9333333,182.8095238,11517,5616,118020,30.74238083,0.3727184466,356.352381,317.352381,239.852381,162.7190476,143.7190476,96.21904762,96.21904762,6,0,47.5,1_46100,通常
2026/03/19,1,5,3999,16,17,0,121.1818182,249.9375,235.2352941,11997,5472,130500,32.63315829,0.3882524272,283.7095588,244.7095588,167.2095588,86.20955882,59.08455882,30.29044118,30.29044118,6,0,28.79411765,1_46100,通常
2026/03/19,1,6,2956,12,7,0,155.5789474,246.3333333,422.2857143,8868,3552,106320,35.96752368,0.2869902913,46.5952381,79.5952381,149.0952381,206.0952381,237.7619048,307.2619048,46.5952381,1,0,33,1_46100,通常
2026/03/19,1,7,4122,15,17,0,128.8125,274.8,242.4705882,12366,5232,142680,34.61426492,0.4001941748,251.5941176,218.5941176,149.0941176,92.09411765,73.09411765,66.00588235,66.00588235,6,0,7.088235294,1_46100,通常
2026/03/19,1,8,4459,17,15,0,139.34375,262.2941176,297.2666667,13377,5520,157140,35.24108545,0.4329126214,178.3058824,139.3058824,61.80588235,19.19411765,66.19411765,135.6941176,19.19411765,4,0,42.61176471,1_46100,通常
2026/03/19,1,9,4504,20,13,0,136.4848485,225.2,346.4615385,13512,6048,149280,33.14387211,0.4372815534,141.6076923,102.6076923,56.49230769,113.4923077,132.4923077,179.9923077,56.49230769,3,0,46.11538462,1_46100,通常
2026/03/19,1,10,1809,1,5,0,301.5,1809,361.8,5427,720,94140,52.039801,0.175631068,1606.8,1573.8,1581.7,1662.7,1709.7,1779.2,1573.8,2,0,7.9,1_46100,通常
2026/03/19,2,1,1830,15,5,0,91.5,122,366,5490,4080,28200,15.40983607,0.1776699029,215.5,176.5,189,246,265,312.5,176.5,2,0,12.5,2_46100,通常
2026/03/19,2,2,4587,24,16,0,114.675,191.125,286.6875,13761,7296,129300,28.1883584,0.4453398058,265.34375,226.34375,148.84375,67.84375,76.90625,124.40625,67.84375,4,0,9.0625,2_46100,通常
2026/03/19,2,3,1198,3,4,0,171.1428571,399.3333333,299.5,3594,1104,49800,41.56928214,0.1163106796,290.5833333,257.5833333,188.0833333,159.5833333,206.5833333,276.0833333,159.5833333,4,0,28.5,2_46100,通常
2026/03/19,2,4,3670,18,19,0,99.18918919,203.8888889,193.1578947,11010,6144,97320,26.51771117,0.3563106796,392.874269,353.874269,276.374269,195.374269,148.374269,78.87426901,78.87426901,6,0,69.5,2_46100,通常
2026/03/19,2,5,1012,2,2,0,253,506,506,3036,672,47280,46.71936759,0.09825242718,378.5,417.5,495,576,623,692.5,378.5,1,0,39,2_46100,通常
2026/03/19,2,6,1016,3,2,0,203.2,338.6666667,508,3048,912,42720,42.04724409,0.0986407767,214.1666667,253.1666667,330.6666667,411.6666667,458.6666667,528.1666667,214.1666667,1,0,39,2_46100,通常
2026/03/19,2,7,4814,21,23,0,109.4090909,229.2380952,209.3043478,14442,7248,143880,29.88782717,0.4673786408,343.305383,304.305383,226.805383,145.805383,98.80538302,29.7815735,29.7815735,6,0,69.02380952,2_46100,通常
2026/03/19,2,8,640,3,1,0,160,213.3333333,640,1920,816,22080,34.5,0.06213592233,406.1666667,439.1666667,508.6666667,565.6666667,584.6666667,632.1666667,406.1666667,1,0,33,2_46100,通常
2026/03/19,2,9,730,2,1,0,243.3333333,365,730,2190,576,32280,44.21917808,0.07087378641,573.5,612.5,690,771,818,887.5,573.5,1,0,39,2_46100,通常
2026/03/19,2,10,886,2,2,0,221.5,443,443,2658,672,39720,44.83069977,0.08601941748,221,260,337.5,418.5,465.5,535,221,1,0,39,2_46100,通常
2026/03/19,3,1,1897,6,5,0,172.4545455,316.1666667,379.4,5691,1920,75420,39.75751186,0.1841747573,87.56666667,54.56666667,115.2666667,196.2666667,243.2666667,312.7666667,54.56666667,2,0,33,3_46100,通常
2026/03/19,3,2,1400,6,2,0,175,233.3333333,700,4200,1632,51360,36.68571429,0.1359223301,476.1666667,509.1666667,578.6666667,635.6666667,654.6666667,710.8333333,476.1666667,1,0,33,3_46100,通常
2026/03/19,3,3,599,1,0,0,599,599,,1797,240,31140,51.98664441,0.05815533981,939.5,906.5,837,780,761,713.5,713.5,6,1,47.5,3_46100,通常
2026/03/19,3,4,829,0,4,0,207.25,,207.25,2487,384,42060,50.7358263,0.08048543689,575.625,536.625,459.125,378.125,331.125,261.625,261.625,6,1,69.5,3_46100,通常
2026/03/19,3,5,649,0,1,0,649,,649,1947,96,37020,57.04160247,0.06300970874,633,666,735.5,792.5,811.5,859,633,1,1,33,3_46100,通常
2026/03/19,3,6,3485,13,8,0,165.952381,268.0769231,435.625,10455,3888,131340,37.68723099,0.3383495146,44.86057692,77.86057692,151.5144231,232.5144231,279.5144231,349.0144231,44.86057692,1,0,33,3_46100,通常
2026/03/19,3,7,1033,3,4,0,147.5714286,344.3333333,258.25,3099,1104,39900,38.62536302,0.1002912621,297.4583333,264.4583333,194.9583333,137.9583333,118.9583333,159.2083333,118.9583333,5,0,19,3_46100,通常
2026/03/19,3,8,5889,30,21,0,115.4705882,196.3,280.4285714,17667,9216,169020,28.70096791,0.5717475728,269.5571429,230.5571429,153.0571429,72.05714286,62.34285714,109.8428571,62.34285714,5,0,9.714285714,3_46100,通常
2026/03/19,3,9,525,2,0,0,262.5,262.5,,1575,480,21900,41.71428571,0.05097087379,624,585,507.5,443.5,424.5,377,377,6,1,47.5,3_46100,通常
2026/03/19,3,10,1414,4,2,0,235.6666667,353.5,707,4242,1152,61800,43.70579915,0.1372815534,527.5,566.5,644,725,772,841.5,527.5,1,0,39,3_46100,通常
2026/03/19,4,1,4320,13,16,0,148.9655172,332.3076923,270,12960,4656,166080,38.44444444,0.4194174757,267.8076923,234.8076923,165.3076923,108.3076923,95.30769231,164.8076923,95.30769231,5,0,13,4_46100,通常
2026/03/19,4,2,4306,18,15,0,130.4848485,239.2222222,287.0666667,12918,5760,143160,33.24663261,0.4180582524,216.6777778,177.6777778,100.1777778,19.17777778,29.37777778,97.32222222,19.17777778,4,0,10.2,4_46100,通常
2026/03/19,4,3,2923,12,8,0,146.15,243.5833333,365.375,8769,3648,102420,35.03934314,0.2837864078,94.85416667,55.85416667,66.47916667,123.4791667,149.6458333,219.1458333,55.85416667,2,0,10.625,4_46100,通常
2026/03/19,4,4,7655,33,25,0,131.9827586,231.969697,306.2,22965,10320,252900,33.03723057,0.7432038835,195.230303,156.230303,78.73030303,46.33030303,65.33030303,118.769697,46.33030303,4,0,19,4_46100,通常
2026/03/19,4,5,4830,27,10,0,130.5405405,178.8888889,483,14490,7440,141000,29.19254658,0.4689320388,205.1111111,238.1111111,307.6111111,364.6111111,383.6111111,431.1111111,205.1111111,1,0,33,4_46100,通常
2026/03/19,4,6,6087,26,20,0,132.326087,234.1153846,304.35,18261,8160,202020,33.18876294,0.5909708738,195.8596154,156.8596154,79.35961538,41.40961538,60.40961538,118.1403846,41.40961538,4,0,19,4_46100,通常
2026/03/19,4,7,2210,5,6,0,200.9090909,442,368.3333333,6630,1776,97080,43.92760181,0.2145631068,230,197,224.5,305.5,352.5,422,197,2,0,27.5,4_46100,通常
2026/03/19,4,8,5772,20,16,0,160.3333333,288.6,360.75,17316,6336,219600,38.04573805,0.5603883495,87.975,54.975,59.725,140.725,187.725,257.225,54.975,2,0,4.75,4_46100,通常
2026/03/19,4,9,6504,30,23,0,122.7169811,216.8,282.7826087,19512,9408,202080,31.0701107,0.6314563107,245.526087,206.526087,129.026087,48.02608696,45.37391304,92.87391304,45.37391304,5,0,2.652173913,4_46100,通常
2026/03/19,4,10,4172,10,15,0,166.88,417.2,278.1333333,12516,3840,173520,41.5915628,0.4050485437,340.5,307.5,238,181,192.4,261.9,181,4,0,11.4,4_46100,通常
2026/03/20,1,1,5294,28,15,0,123.1162791,189.0714286,352.9333333,15882,8160,154440,29.17264828,0.5139805825,168.0285714,129.0285714,102.3285714,159.3285714,178.3285714,225.8285714,102.3285714,3,0,26.7,1_46101,通常
2026/03/20,1,2,3748,9,9,0,208.2222222,416.4444444,416.4444444,11244,3024,164400,43.86339381,0.3638834951,154.6111111,193.6111111,271.1111111,352.1111111,399.1111111,468.6111111,154.6111111,1,0,39,1_46101,通常
2026/03/20,1,3,5320,25,10,2,152,212.8,532,15960,6960,180000,33.83458647,0.5165048544,244.7,277.7,347.2,404.2,423.2,470.7,244.7,1,0,33,1_46101,ファン感謝デー
2026/03/20,1,4,6408,25,16,2,156.2926829,256.32,400.5,19224,7536,233760,36.47940075,0.6221359223,29.43,36.93,106.43,168.07,215.07,284.57,29.43,1,0,7.5,1_46101,ファン感謝デー
2026/03/20,1,5,3134,6,6,2,261.1666667,522.3333333,522.3333333,9402,2016,147720,47.1346522,0.3042718447,419.3333333,458.3333333,535.8333333,616.8333333,663.8333333,733.3333333,419.3333333,1,0,39,1_46101,ファン感謝デー
2026/03/20,1,6,5129,17,13,2,170.9666667,301.7058824,394.5384615,15387,5328,201180,39.22402028,0.497961165,50.39819005,46.01357466,123.5135747,204.5135747,251.5135747,321.0135747,46.01357466,2,0,4.384615385,1_46101,ファン感謝デー
2026/03/20,1,7,7264,22,19,2,177.1707317,330.1818182,382.3157895,21792,7104,293760,40.44052863,0.7052427184,97.20813397,64.20813397,133.6555024,214.6555024,261.6555024,331.1555024,64.20813397,2,0,33,1_46101,ファン感謝デー
2026/03/20,1,8,4639,19,7,2,178.4230769,244.1578947,662.7142857,13917,5232,173700,37.44341453,0.4503883495,409.4135338,442.4135338,511.9135338,568.9135338,596.2293233,665.7293233,409.4135338,1,0,33,1_46101,ファン感謝デー
2026/03/20,1,9,3802,8,11,2,200.1052632,475.25,345.6363636,11406,2976,168600,44.34508154,0.3691262136,297.2954545,264.2954545,223.7045455,304.7045455,351.7045455,421.2045455,223.7045455,3,0,40.59090909,1_46101,ファン感謝デー
2026/03/20,1,10,5899,27,13,2,147.475,218.4814815,453.7692308,17697,7728,199380,33.79894897,0.5727184466,121.6723647,154.6723647,224.1723647,281.1723647,300.1723647,347.6723647,121.6723647,1,0,33,1_46101,ファン感謝デー
2026/03/20,2,1,7050,31,14,2,156.6666667,227.4193548,503.5714286,21150,8784,247320,35.08085106,0.6844660194,187.437788,220.437788,289.937788,346.937788,365.937788,413.437788,187.437788,1,0,33,2_46101,ファン感謝デー
2026/03/20,2,2,7003,25,19,2,159.1590909,280.12,368.5789474,21009,7824,263700,37.65529059,0.6799029126,67.75157895,34.75157895,62.98842105,143.9884211,190.9884211,260.4884211,34.75157895,2,0,28.23684211,2_46101,ファン感謝デー
2026/03/20,2,3,2812,14,3,2,165.4117647,200.8571429,937.3333333,8436,3648,95760,34.05405405,0.2730097087,864.6428571,897.6428571,967.1428571,1024.142857,1043.142857,1090.642857,864.6428571,1,0,33,2_46101,ファン感謝デー
2026/03/20,2,4,5993,21,17,2,157.7105263,285.3809524,352.5294118,17979,6672,226140,37.73402303,0.5818446602,97.08683473,64.08683473,44.17507003,125.17507,172.17507,241.67507,44.17507003,3,0,19.91176471,2_46101,ファン感謝デー
2026/03/20,2,5,4536,11,9,2,226.8,412.3636364,504,13608,3504,202080,44.55026455,0.4403883495,281.8636364,320.8636364,398.3636364,479.3636364,526.3636364,595.8636364,281.8636364,1,0,39,2_46101,ファン感謝デー
2026/03/20,2,6,4638,12,13,2,185.52,386.5,356.7692308,13914,4128,195720,42.1992238,0.4502912621,191.8461538,158.8461538,151.6538462,232.6538462,279.6538462,349.1538462,151.6538462,3,0,7.192307692,2_46101,ファン感謝デー
2026/03/20,2,7,5265,21,19,2,131.625,250.7142857,277.1052632,15795,6864,178620,33.92592593,0.5111650485,220.1278195,181.1278195,103.6278195,22.62781955,24.37218045,93.87218045,22.62781955,4,0,1.744360902,2_46101,ファン感謝デー
2026/03/20,2,8,2396,5,3,2,299.5,479.2,798.6666667,7188,1488,114000,47.57929883,0.2326213592,790.7,829.7,907.2,988.2,1035.2,1104.7,790.7,1,0,39,2_46101,ファン感謝デー
2026/03/20,2,9,5353,17,20,2,144.6756757,314.8823529,267.65,16059,6000,201180,37.58266393,0.5197087379,253.9073529,220.9073529,151.4073529,94.40735294,75.40735294,143.8573529,75.40735294,5,0,19,2_46101,ファン感謝デー
2026/03/20,2,10,6606,31,14,2,146.8,213.0967742,471.8571429,19818,8784,220680,33.40599455,0.6413592233,154.1889401,187.1889401,256.6889401,313.6889401,332.6889401,380.1889401,154.1889401,1,0,33,2_46101,ファン感謝デー
2026/03/20,3,1,2200,7,4,2,200,314.2857143,550,6600,2064,90720,41.23636364,0.213592233,252.7857143,291.7857143,369.2857143,450.2857143,497.2857143,566.7857143,252.7857143,1,0,39,3_46101,ファン感謝デー
2026/03/20,3,2,2896,10,6,2,181,289.6,482.6666667,8688,2976,114240,39.44751381,0.2811650485,127.1,166.1,243.6,324.6,371.6,441.1,127.1,1,0,39,3_46101,ファン感謝デー
2026/03/20,3,3,2474,8,5,2,190.3076923,309.25,494.8,7422,2400,100440,40.5982215,0.2401941748,164.95,203.95,281.45,362.45,409.45,478.95,164.95,1,0,39,3_46101,ファン感謝デー
2026/03/20,3,4,5290,17,16,2,160.3030303,311.1764706,330.625,15870,5616,205080,38.76748582,0.513592233,155.7389706,122.7389706,53.23897059,118.1139706,165.1139706,234.6139706,53.23897059,3,0,64.875,3_46101,ファン感謝デー
2026/03/20,3,5,4901,25,15,2,122.525,196.04,326.7333333,14703,7440,145260,29.63884921,0.4758252427,200.36,161.36,83.86,113.06,132.06,179.56,83.86,3,0,29.2,3_46101,ファン感謝デー
2026/03/20,3,6,2339,8,6,2,167.0714286,292.375,389.8333333,7017,2496,90420,38.65754596,0.2270873786,48.125,29.625,107.125,188.125,235.125,304.625,29.625,2,0,18.5,3_46101,ファン感謝デー
2026/03/20,3,7,2112,3,4,2,301.7142857,704,528,6336,1104,104640,49.54545455,0.2050485437,609.5,648.5,726,807,854,923.5,609.5,1,0,39,3_46101,ファン感謝デー
2026/03/20,3,8,1124,4,1,2,224.8,281,1124,3372,1056,46320,41.20996441,0.1091262136,1080.5,1119.5,1197,1278,1325,1394.5,1080.5,1,0,39,3_46101,ファン感謝デー
2026/03/20,3,9,2512,8,6,2,179.4285714,314,418.6666667,7536,2496,100800,40.12738854,0.2438834951,55.5,94.5,172,253,300,369.5,55.5,1,0,39,3_46101,ファン感謝デー
2026/03/20,3,10,3234,10,6,2,202.125,323.4,539,9702,2976,134520,41.59554731,0.3139805825,245.4,284.4,361.9,442.9,489.9,559.4,245.4,1,0,39,3_46101,ファン感謝デー
2026/03/20,4,1,6632,21,23,2,150.7272727,315.8095238,288.3478261,19896,7248,252960,38.14234017,0.6438834951,223.7877847,190.7877847,121.2877847,64.28778468,106.3312629,175.8312629,64.28778468,4,0,42.04347826,4_46101,ファン感謝デー
2026/03/20,4,2,7241,31,18,2,147.7755102,233.5806452,402.2777778,21723,9168,251100,34.67753073,0.7030097087,49.50268817,62.33602151,131.8360215,188.8360215,207.8360215,264.4973118,49.50268817,1,0,12.83333333,4_46101,ファン感謝デー
2026/03/20,4,3,3830,6,4,2,383,638.3333333,957.5,11490,1824,193320,50.47519582,0.3718446602,1188.083333,1227.083333,1304.583333,1385.583333,1432.583333,1502.083333,1188.083333,1,0,39,4_46101,ファン感謝デー
2026/03/20,4,4,7530,32,16,2,156.875,235.3125,470.625,22590,9216,267480,35.52191235,0.7310679612,130.125,163.125,232.625,289.625,308.625,368.75,130.125,1,0,33,4_46101,ファン感謝デー
2026/03/20,4,5,4058,12,9,2,193.2380952,338.1666667,450.8888889,12174,3744,168600,41.54756037,0.3939805825,128,167,244.5,325.5,372.5,442,128,1,0,39,4_46101,ファン感謝デー
2026/03/20,4,6,6634,23,21,2,150.7727273,288.4347826,315.9047619,19902,7536,247320,37.28067531,0.6440776699,155.0776398,122.0776398,52.57763975,73.29192547,120.2919255,189.7919255,52.57763975,3,0,20.71428571,4_46101,ファン感謝デー
2026/03/20,4,7,5271,20,15,2,150.6,263.55,351.4,15813,6240,191460,36.32327832,0.5117475728,95.85,56.85,25.55,101.65,148.65,218.15,25.55,3,0,31.3,4_46101,ファン感謝デー
2026/03/20,4,8,9532,43,21,2,148.9375,221.6744186,453.9047619,28596,12336,325200,34.11665967,0.9254368932,118.6827243,151.6827243,221.1827243,278.1827243,297.1827243,344.6827243,118.6827243,1,0,33,4_46101,ファン感謝デー
2026/03/20,4,9,4963,24,11,2,141.8,206.7916667,451.1818182,14889,6816,161460,32.53274229,0.4818446602,129.4810606,162.4810606,231.9810606,288.9810606,307.9810606,355.4810606,129.4810606,1,0,33,4_46101,ファン感謝デー
2026/03/20,4,10,5377,11,17,2,192.0357143,488.8181818,316.2941176,16131,4272,237180,44.11009857,0.522038835,354.8770053,321.8770053,252.3770053,274.2593583,321.2593583,390.7593583,252.3770053,3,0,21.88235294,4_46101,ファン感謝デー
2626/03/21,1,1,5021,8,15,2,218.3043478,627.625,334.7333333,15063,3360,234060,46.61621191,0.4874757282,466.025,433.025,363.525,440.725,487.725,557.225,363.525,3,0,69.5,1_265247,ファン感謝デー
2626/03/21,1,2,6997,26,24,2,139.94,269.1153846,291.5416667,20991,8544,248940,35.5781049,0.6793203883,180.0721154,141.0721154,69.80288462,17.42788462,64.42788462,133.9278846,17.42788462,4,0,47,1_265247,ファン感謝デー
2626/03/21,1,3,5704,26,12,2,150.1052632,219.3846154,475.3333333,17112,7392,194400,34.08134642,0.5537864078,153.1153846,186.1153846,255.6153846,312.6153846,331.6153846,379.1153846,153.1153846,1,0,33,1_265247,ファン感謝デー
2626/03/21,1,4,6390,17,20,2,172.7027027,375.8823529,319.5,19170,6000,263400,41.22065728,0.6203883495,237.1323529,204.1323529,134.6323529,166.1323529,213.1323529,282.6323529,134.6323529,3,0,31.5,1_265247,ファン感謝デー
2626/03/21,1,5,4773,21,14,2,136.3714286,227.2857143,340.9285714,14319,6384,158700,33.2495286,0.4633980583,147.8214286,108.8214286,46.10714286,103.1071429,122.1071429,169.6071429,46.10714286,3,0,57,1_265247,ファン感謝デー
2626/03/21,1,6,8514,35,25,2,141.9,243.2571429,340.56,25542,10800,294840,34.63002114,0.8266019417,132.4028571,93.40285714,29.58285714,86.58285714,112.0971429,181.5971429,29.58285714,3,0,57,1_265247,ファン感謝デー
2626/03/21,1,7,7325,25,23,2,152.6041667,293,318.4782609,21975,8208,275340,37.5890785,0.7111650485,155.7826087,122.7826087,53.2826087,81.7173913,128.7173913,198.2173913,53.2826087,3,0,28.43478261,1_265247,ファン感謝デー
2626/03/21,1,8,4468,13,8,2,212.7619048,343.6923077,558.5,13404,3888,190320,42.59623993,0.4337864078,294.9423077,333.9423077,411.4423077,492.4423077,539.4423077,608.9423077,294.9423077,1,0,39,1_265247,ファン感謝デー
2626/03/21,1,9,6340,27,13,2,158.5,234.8148148,487.6923077,19020,7728,225840,35.6214511,0.6155339806,156.2236467,189.2236467,258.7236467,315.7236467,334.7236467,393.8532764,156.2236467,1,0,33,1_265247,ファン感謝デー
2626/03/21,1,10,4499,15,16,2,145.1290323,299.9333333,281.1875,13497,5136,167220,37.16825961,0.4367961165,218.6520833,185.6520833,116.1520833,59.15208333,79.71458333,149.2145833,59.15208333,4,0,20.5625,1_265247,ファン感謝デー
2626/03/21,2,1,4030,7,15,2,183.1818182,575.7142857,268.6666667,12090,3120,179400,44.51612903,0.3912621359,513.2142857,480.2142857,410.7142857,353.7142857,336.7142857,406.2142857,336.7142857,5,0,17,2_265247,ファン感謝デー
2626/03/21,2,2,8117,32,23,2,147.5818182,253.65625,352.9130435,24351,9888,289260,35.63631884,0.7880582524,103.4741848,64.47418478,37.71331522,94.71331522,141.0258152,210.5258152,37.71331522,3,0,26.76086957,2_265247,ファン感謝デー
2626/03/21,2,3,2973,11,5,2,185.8125,270.2727273,594.6,8919,3120,115980,39.0110999,0.2886407767,281.1272727,314.6727273,392.1727273,473.1727273,520.1727273,589.6727273,281.1272727,1,0,33.54545455,2_265247,ファン感謝デー
2626/03/21,2,4,5835,20,14,2,171.6176471,291.75,416.7857143,17505,6144,227220,38.94087404,0.5665048544,30.42857143,69.42857143,146.9285714,227.9285714,274.9285714,344.4285714,30.42857143,1,0,39,2_265247,ファン感謝デー
2626/03/21,2,5,3576,14,8,2,162.5454545,255.4285714,447,10728,4128,132000,36.91275168,0.347184466,74.57142857,107.5714286,177.0714286,236.9285714,283.9285714,353.4285714,74.57142857,1,0,33,2_265247,ファン感謝デー
2626/03/21,2,6,4687,17,10,2,173.5925926,275.7058824,468.7,14061,5040,180420,38.493706,0.4550485437,92.25588235,131.2558824,208.7558824,289.7558824,336.7558824,406.2558824,92.25588235,1,0,39,2_265247,ファン感謝デー
2626/03/21,2,7,2667,6,6,2,222.25,444.5,444.5,8001,2016,119700,44.88188976,0.2589320388,224.75,263.75,341.25,422.25,469.25,538.75,224.75,1,0,39,2_265247,ファン感謝デー
2626/03/21,2,8,6842,26,15,2,166.8780488,263.1538462,456.1333333,20526,7680,256920,37.55042385,0.6642718447,80.54615385,113.5461538,183.0461538,258.3538462,305.3538462,374.8538462,80.54615385,1,0,33,2_265247,ファン感謝デー
2626/03/21,2,9,6975,37,20,2,122.3684211,188.5135135,348.75,20925,10800,202500,29.03225806,0.677184466,174.8614865,135.8614865,96.61148649,153.6114865,172.6114865,220.1114865,96.61148649,3,0,39.25,2_265247,ファン感謝デー
2626/03/21,2,10,2907,8,6,2,207.6428571,363.375,484.5,8721,2496,124500,42.82765738,0.2822330097,203.625,242.625,320.125,401.125,448.125,517.625,203.625,1,0,39,2_265247,ファン感謝デー
2626/03/21,3,1,2558,8,5,2,196.7692308,319.75,511.6,7674,2400,105480,41.23534011,0.2483495146,200.65,239.65,317.15,398.15,445.15,514.65,200.65,1,0,39,3_265247,ファン感謝デー
2626/03/21,3,2,1666,3,3,2,277.6666667,555.3333333,555.3333333,4998,1008,79800,47.89915966,0.1617475728,501.8333333,540.8333333,618.3333333,699.3333333,746.3333333,815.8333333,501.8333333,1,0,39,3_265247,ファン感謝デー
2626/03/21,3,3,3723,12,12,2,155.125,310.25,310.25,11169,4032,142740,38.34004835,0.3614563107,185.375,152.375,82.875,86.625,133.625,203.125,82.875,3,0,3.75,3_265247,ファン感謝デー
2626/03/21,3,4,5293,23,14,2,143.0540541,230.1304348,378.0714286,15879,6864,180300,34.06385793,0.5138834951,89.26242236,50.26242236,98.97670807,155.9767081,174.9767081,224.7375776,50.26242236,2,0,39,3_265247,ファン感謝デー
2626/03/21,3,5,314,0,1,2,314,,314,942,96,16920,53.88535032,0.03048543689,415.5,376.5,299,290,309,356.5,290,4,1,9,3_265247,ファン感謝デー
2626/03/21,3,6,1851,7,3,2,185.1,264.4285714,617,5553,1968,71700,38.73581848,0.1797087379,320.5714286,353.5714286,423.0714286,500.9285714,547.9285714,617.4285714,320.5714286,1,0,33,3_265247,ファン感謝デー
2626/03/21,3,7,4521,15,13,2,161.4642857,301.4,347.7692308,13563,4848,174300,38.55341739,0.4389320388,120.2461538,87.24615385,53.05384615,134.0538462,181.0538462,250.5538462,53.05384615,3,0,34.19230769,3_265247,ファン感謝デー
2626/03/21,3,8,1763,4,6,2,176.3,440.75,293.8333333,5289,1536,75060,42.57515598,0.1711650485,340.5,307.5,238,192.5,239.5,309,192.5,4,0,45.5,3_265247,ファン感謝デー
2626/03/21,3,9,2701,14,8,2,122.7727273,192.9285714,337.625,8103,4128,79500,29.43354313,0.2622330097,187.1339286,148.1339286,75.50892857,132.5089286,151.5089286,199.0089286,75.50892857,3,0,57,3_265247,ファン感謝デー
2626/03/21,3,10,2050,6,6,2,170.8333333,341.6666667,341.6666667,6150,2016,82680,40.33170732,0.1990291262,169.6666667,136.6666667,84.16666667,165.1666667,212.1666667,281.6666667,84.16666667,3,0,52.5,3_265247,ファン感謝デー
2626/03/21,4,1,8388,39,24,2,133.1428571,215.0769231,349.5,25164,11664,270000,32.1888412,0.814368932,147.1730769,108.1730769,71.17307692,128.1730769,147.1730769,194.6730769,71.17307692,3,0,37,4_265247,ファン感謝デー
2626/03/21,4,2,4484,15,13,2,160.1428571,298.9333333,344.9230769,13452,4848,172080,38.3764496,0.4353398058,122.0487179,89.04871795,46.31794872,127.3179487,174.3179487,243.8179487,46.31794872,3,0,42.73076923,4_265247,ファン感謝デー
2626/03/21,4,3,6005,18,15,2,181.969697,333.6111111,400.3333333,18015,5760,245100,40.81598668,0.5830097087,73.61111111,86.61111111,164.1111111,245.1111111,292.1111111,361.6111111,73.61111111,1,0,13,4_265247,ファン感謝デー
2626/03/21,4,4,6854,24,23,2,145.8297872,285.5833333,298,20562,7968,251880,36.74934345,0.6654368932,179.0833333,146.0833333,76.58333333,43.58333333,90.58333333,160.0833333,43.58333333,4,0,33,4_265247,ファン感謝デー
2626/03/21,4,5,4358,11,18,2,150.2758621,396.1818182,242.1111111,13074,4368,174120,39.95410739,0.4231067961,373.5151515,340.5151515,271.0151515,214.0151515,195.0151515,186.8484848,186.8484848,6,0,8.166666667,4_265247,ファン感謝デー
2626/03/21,4,6,5382,18,11,2,185.5862069,299,489.2727273,16146,5376,215400,40.02229654,0.5225242718,146.4090909,185.4090909,262.9090909,343.9090909,390.9090909,460.4090909,146.4090909,1,0,39,4_265247,ファン感謝デー
2626/03/21,4,7,7017,27,19,2,152.5434783,259.8888889,369.3157895,21051,8304,254940,36.33176571,0.6812621359,72.6374269,33.6374269,56.08479532,124.8625731,171.8625731,241.3625731,33.6374269,2,0,22.44736842,4_265247,ファン感謝デー
2626/03/21,4,8,1736,4,6,2,173.6,434,289.3333333,5208,1536,73440,42.30414747,0.1685436893,340.5,307.5,238,181,226,295.5,181,4,0,45,4_265247,ファン感謝デー
2626/03/21,4,9,8619,41,25,2,130.5909091,210.2195122,344.76,25857,12240,272340,31.59763314,0.8367961165,159.1404878,120.1404878,68.9204878,125.9204878,144.9204878,192.4204878,68.9204878,3,0,51.22,4_265247,ファン感謝デー
2626/03/21,4,10,3760,7,13,2,188,537.1428571,289.2307692,11280,2928,167040,44.42553191,0.3650485437,443.7967033,410.7967033,341.2967033,284.2967033,328.989011,398.489011,284.2967033,4,0,44.69230769,4_265247,ファン感謝デー
2026/03/22,1,1,6724,22,21,2,156.372093,305.6363636,320.1904762,20172,7296,257520,38.29863177,0.652815534,165.8506494,132.8506494,63.35064935,96.92207792,143.9220779,213.4220779,63.35064935,3,0,33.57142857,1_46103,ファン感謝デー
2026/03/22,1,2,8275,35,29,2,129.296875,236.4285714,285.3448276,24825,11184,272820,32.96918429,0.8033980583,222.0541872,183.0541872,105.5541872,24.55418719,29.58866995,91.94581281,24.55418719,4,0,5.034482759,1_46103,ファン感謝デー
2026/03/22,1,3,6123,25,14,2,157,244.92,437.3571429,18369,7344,220500,36.01175894,0.5944660194,70.61571429,103.6157143,173.1157143,230.1157143,258.9557143,328.4557143,70.61571429,1,0,33,1_46103,ファン感謝デー
2026/03/22,1,4,8588,32,37,2,124.4637681,268.375,232.1081081,25764,11232,290640,33.84257103,0.8337864078,269.9628378,230.9628378,158.2128378,101.2128378,82.21283784,44.03716216,44.03716216,6,0,38.17567568,1_46103,ファン感謝デー
2026/03/22,1,5,8065,29,40,2,116.884058,278.1034483,201.625,24195,10800,267900,33.21760694,0.7830097087,316.1659483,283.1659483,213.6659483,156.6659483,137.6659483,90.16594828,90.16594828,6,0,47.5,1_46103,ファン感謝デー
2026/03/22,1,6,7562,28,42,2,108.0285714,270.0714286,180.047619,22686,10752,238680,31.56307855,0.7341747573,346.3571429,307.5,238,181,162,114.5,114.5,6,0,47.5,1_46103,ファン感謝デー
2026/03/22,1,7,6460,23,18,2,157.5609756,280.8695652,358.8888889,19380,7248,242640,37.56037152,0.627184466,83.03623188,50.03623188,49.20289855,130.2028986,177.2028986,246.7028986,49.20289855,3,0,0.8333333333,1_46103,ファン感謝デー
2026/03/22,1,8,8566,43,36,2,108.4303797,199.2093023,237.9444444,25698,13776,238440,27.83562923,0.8316504854,330.374031,291.374031,213.874031,132.874031,85.87403101,43.20736434,43.20736434,6,0,42.66666667,1_46103,ファン感謝デー
2026/03/22,1,9,9507,41,38,2,120.3417722,231.8780488,250.1842105,28521,13488,300660,31.62511833,0.9230097087,279.3456354,240.3456354,162.8456354,81.84563543,34.84563543,34.65436457,34.65436457,6,0,0.1912708601,1_46103,ファン感謝デー
2026/03/22,1,10,4988,23,12,2,142.5142857,216.8695652,415.6666667,14964,6672,165840,33.24779471,0.4842718447,66.13043478,99.13043478,168.6304348,225.6304348,244.6304348,292.1304348,66.13043478,1,0,33,1_46103,ファン感謝デー
2026/03/22,2,1,9339,36,33,2,135.3478261,259.4166667,283,28017,11808,324180,34.71249598,0.9066990291,202.5833333,163.5833333,86.08333333,15.91666667,41.91666667,111.4166667,15.91666667,4,0,26,2_46103,ファン感謝デー
2026/03/22,2,2,4209,18,10,2,150.3214286,233.8333333,420.9,12627,5280,146940,34.9109052,0.4086407767,57.01666667,90.01666667,159.5166667,216.5166667,235.5166667,292.6833333,57.01666667,1,0,33,2_46103,ファン感謝デー
2026/03/22,2,3,4108,16,7,2,178.6086957,256.75,586.8571429,12324,4512,156240,38.03310613,0.3988349515,283.0357143,316.0357143,385.5357143,448.0357143,495.0357143,564.5357143,283.0357143,1,0,33,2_46103,ファン感謝デー
2026/03/22,2,4,5044,23,14,2,136.3243243,219.3043478,360.2857143,15132,6864,165360,32.78350515,0.4897087379,126.7670807,87.76708075,83.1242236,140.1242236,159.1242236,206.6242236,83.1242236,3,0,4.642857143,2_46103,ファン感謝デー
2026/03/22,2,5,2104,6,7,2,161.8461538,350.6666667,300.5714286,6312,2112,84000,39.92395437,0.2042718447,240.3095238,207.3095238,137.8095238,112.5238095,159.5238095,229.0238095,112.5238095,4,0,25.28571429,2_46103,ファン感謝デー
2026/03/22,2,6,6514,28,21,2,132.9387755,232.6428571,310.1904762,19542,8736,216120,33.17777095,0.6324271845,188.5714286,149.5714286,72.07142857,51.64285714,70.64285714,125.4285714,51.64285714,4,0,19,2_46103,ファン感謝デー
2026/03/22,2,7,5909,21,15,2,164.1388889,281.3809524,393.9333333,17727,6480,224940,38.06735488,0.5736893204,30.98095238,24.78095238,102.2809524,183.2809524,230.2809524,299.7809524,24.78095238,2,0,6.2,2_46103,ファン感謝デー
2026/03/22,2,8,7793,25,17,2,185.547619,311.72,458.4117647,23379,7632,314940,40.41319133,0.7566019417,112.8376471,151.8376471,229.3376471,310.3376471,357.3376471,426.8376471,112.8376471,1,0,39,2_46103,ファン感謝デー
2026/03/22,2,9,4861,14,16,2,162.0333333,347.2142857,303.8125,14583,4896,193740,39.85599671,0.4719417476,231.9955357,198.9955357,129.4955357,113.9330357,160.9330357,230.4330357,113.9330357,4,0,15.5625,2_46103,ファン感謝デー
2026/03/22,2,10,3917,19,10,2,135.0689655,206.1578947,391.7,11751,5520,124620,31.81516467,0.3802912621,92.79210526,73.89210526,143.3921053,200.3921053,219.3921053,266.8921053,73.89210526,2,0,18.9,2_46103,ファン感謝デー
2026/03/22,3,1,2014,6,3,2,223.7777778,335.6666667,671.3333333,6042,1728,86280,42.84011917,0.1955339806,456.1666667,495.1666667,572.6666667,653.6666667,700.6666667,770.1666667,456.1666667,1,0,39,3_46103,ファン感謝デー
2026/03/22,3,2,4782,15,16,2,154.2580645,318.8,298.875,14346,5136,184200,38.51944793,0.4642718447,210.9875,177.9875,108.4875,78.1125,125.1125,194.6125,78.1125,4,0,30.375,3_46103,ファン感謝デー
2026/03/22,3,3,3703,11,13,2,154.2916667,336.6363636,284.8461538,11109,3888,144420,39.00081015,0.3595145631,249.8671329,216.8671329,147.3671329,90.36713287,121.9055944,191.4055944,90.36713287,4,0,31.53846154,3_46103,ファン感謝デー
2026/03/22,3,4,4614,21,15,2,128.1666667,219.7142857,307.6,13842,6480,147240,31.91157347,0.447961165,205.3857143,166.3857143,88.88571429,60.68571429,79.68571429,127.1857143,60.68571429,4,0,19,3_46103,ファン感謝デー
2026/03/22,3,5,2391,5,5,2,239.1,478.2,478.2,7173,1680,109860,45.94730238,0.2321359223,309,348,425.5,506.5,553.5,623,309,1,0,39,3_46103,ファン感謝デー
2026/03/22,3,6,3937,21,7,2,140.6071429,187.4761905,562.4285714,11811,5712,121980,30.98298197,0.3822330097,315.6666667,348.6666667,418.1666667,475.1666667,494.1666667,541.6666667,315.6666667,1,0,33,3_46103,ファン感謝デー
2026/03/22,3,7,6002,25,20,2,133.3777778,240.08,300.1,18006,7920,201720,33.60879707,0.5827184466,196.27,157.27,79.77,29.07,48.23,117.73,29.07,4,0,19.16,3_46103,ファン感謝デー
2026/03/22,3,8,2830,5,3,2,353.75,566,943.3333333,8490,1488,140040,49.48409894,0.2747572816,1094.5,1133.5,1211,1292,1339,1408.5,1094.5,1,0,39,3_46103,ファン感謝デー
2026/03/22,3,9,2873,8,7,2,191.5333333,359.125,410.4285714,8619,2592,120540,41.9561434,0.2789320388,88.26785714,127.2678571,204.7678571,285.7678571,332.7678571,402.2678571,88.26785714,1,0,39,3_46103,ファン感謝デー
2026/03/22,3,10,4384,22,8,2,146.1333333,199.2727273,548,13152,6048,142080,32.40875912,0.425631068,282.2272727,315.2272727,384.7272727,441.7272727,460.7272727,508.2272727,282.2272727,1,0,33,3_46103,ファン感謝デー
2026/03/22,4,1,7408,17,28,2,164.6222222,435.7647059,264.5714286,22224,6768,309120,41.72786177,0.719223301,379.407563,346.407563,276.907563,219.907563,200.907563,260.1218487,200.907563,5,0,19,4_46103,ファン感謝デー
2026/03/22,4,2,9163,43,32,2,122.1733333,213.0930233,286.34375,27489,13392,281940,30.76939867,0.8896116505,243.8913517,204.8913517,127.3913517,46.39135174,54.42260174,101.9226017,46.39135174,4,0,8.03125,4_46103,ファン感謝デー
2026/03/22,4,3,7387,23,16,2,189.4102564,321.173913,461.6875,22161,7056,302100,40.89616895,0.717184466,127.205163,166.205163,243.705163,324.705163,371.705163,441.205163,127.205163,1,0,39,4_46103,ファン感謝デー
2026/03/22,4,4,6270,26,17,2,145.8139535,241.1538462,368.8235294,18810,7872,218760,34.88995215,0.6087378641,92.11085973,53.11085973,74.08144796,131.081448,152.3891403,221.8891403,53.11085973,2,0,20.97058824,4_46103,ファン感謝デー
2026/03/22,4,5,8643,39,34,2,118.3972603,221.6153846,254.2058824,25929,12624,266100,30.78792086,0.8391262136,283.5757919,244.5757919,167.0757919,86.07579186,39.07579186,45.19343891,39.07579186,5,0,6.117647059,4_46103,ファン感謝デー
2026/03/22,4,6,8403,29,28,2,147.4210526,289.7586207,300.1071429,25209,9648,311220,37.03677258,0.8158252427,180.0979064,147.0979064,77.5979064,50.91933498,97.91933498,167.419335,50.91933498,4,0,26.67857143,4_46103,ファン感謝デー
2026/03/22,4,7,7854,27,21,2,163.625,290.8888889,374,23562,8496,301320,38.36516425,0.7625242718,70.38888889,37.38888889,81.88888889,162.8888889,209.8888889,279.3888889,37.38888889,2,0,33,4_46103,ファン感謝デー
2026/03/22,4,8,7294,33,16,2,148.8571429,221.030303,455.875,21882,9456,248520,34.07183987,0.7081553398,122.282197,155.282197,224.782197,281.782197,300.782197,348.282197,122.282197,1,0,33,4_46103,ファン感謝デー
2026/03/22,4,9,8612,43,24,2,128.5373134,200.2790698,358.8333333,25836,12624,264240,30.68276823,0.8361165049,147.9709302,108.9709302,99.97093023,156.9709302,175.9709302,223.4709302,99.97093023,3,0,9,4_46103,ファン感謝デー
2026/03/22,4,10,8299,37,24,2,136.0491803,224.2972973,345.7916667,24897,11184,274260,33.0473551,0.8057281553,143.5152027,104.5152027,56.3902027,113.3902027,132.3902027,179.8902027,56.3902027,3,0,48.125,4_46103,ファン感謝デー
2026/03/23,1,1,1786,6,1,1,255.1428571,297.6666667,1786,5358,1536,76440,42.79955207,0.1733980583,2090.166667,2129.166667,2206.666667,2287.666667,2334.666667,2404.166667,2090.166667,1,0,39,1_46104,特定日
2026/03/23,1,2,6579,27,17,1,149.5227273,243.6666667,387,19737,8112,232500,35.33971728,0.6387378641,62.33333333,29.33333333,98.83333333,155.8333333,182.1666667,251.6666667,29.33333333,2,0,33,1_46104,特定日
2026/03/23,1,3,607,1,0,1,607,607,,1821,240,31620,52.092257,0.05893203883,947.5,914.5,845,788,769,721.5,721.5,6,1,47.5,1_46104,特定日
2026/03/23,1,4,1071,2,3,1,214.2,535.5,357,3213,768,48900,45.65826331,0.1039805825,340.5,307.5,301,382,429,498.5,301,3,0,6.5,1_46104,特定日
2026/03/23,1,5,8209,34,22,1,146.5892857,241.4411765,373.1363636,24627,10272,287100,34.97380923,0.7969902913,85.35427807,46.35427807,80.26336898,137.263369,159.1457219,228.6457219,46.35427807,2,0,33.90909091,1_46104,特定日
2026/03/23,1,6,1171,2,3,1,234.2,585.5,390.3333333,3513,768,54900,46.88300598,0.1136893204,340.5,323.5,401,482,529,598.5,323.5,2,0,17,1_46104,特定日
2026/03/23,1,7,3981,10,11,1,189.5714286,398.1,361.9090909,11943,3456,169740,42.63752826,0.3865048544,195.7363636,162.7363636,170.9636364,251.9636364,298.9636364,368.4636364,162.7363636,2,0,8.227272727,1_46104,特定日
2026/03/23,1,8,604,2,1,1,201.3333333,302,604,1812,576,24720,40.92715232,0.0586407767,321.5,360.5,438,519,566,635.5,321.5,1,0,39,1_46104,特定日
2026/03/23,1,9,2255,5,5,1,225.5,451,451,6765,1680,101700,45.09977827,0.2189320388,241,280,357.5,438.5,485.5,555,241,1,0,39,1_46104,特定日
2026/03/23,1,10,2674,8,6,1,191,334.25,445.6666667,8022,2496,110520,41.33133882,0.2596116505,116.25,155.25,232.75,313.75,360.75,430.25,116.25,1,0,39,1_46104,特定日
2026/03/23,2,1,3799,11,15,0,146.1153846,345.3636364,253.2666667,11397,4080,146340,38.52066333,0.3688349515,305.9636364,272.9636364,203.4636364,146.4636364,127.4636364,152.7636364,127.4636364,5,0,19,2_46104,通常
2026/03/23,2,2,476,1,0,0,476,476,,1428,240,23760,49.91596639,0.04621359223,816.5,783.5,714,657,638,590.5,590.5,6,1,47.5,2_46104,通常
2026/03/23,2,3,6798,27,21,0,141.625,251.7777778,323.7142857,20394,8496,237960,35.00441306,0.66,149.1507937,110.1507937,32.65079365,52.79365079,95.34920635,164.8492063,32.65079365,3,0,20.14285714,2_46104,通常
2026/03/23,2,4,186,0,0,0,,,,558,0,11160,60,0.01805825243,886.5,847.5,770,689,642,572.5,572.5,6,1,69.5,2_46104,通常
2026/03/23,2,5,2634,11,5,0,164.625,239.4545455,526.8,7902,3120,95640,36.30979499,0.2557281553,210.2454545,243.2454545,312.7454545,369.7454545,388.7454545,457.1545455,210.2454545,1,0,33,2_46104,通常
2026/03/23,2,6,436,0,0,0,,,,1308,0,26160,60,0.04233009709,886.5,847.5,770,689,642,572.5,572.5,6,1,69.5,2_46104,通常
2026/03/23,2,7,1770,8,4,0,147.5,221.25,442.5,5310,2304,60120,33.96610169,0.1718446602,102,135,204.5,261.5,280.5,328,102,1,0,33,2_46104,通常
2026/03/23,2,8,3467,12,7,0,182.4736842,288.9166667,495.2857143,10401,3552,136980,39.50966253,0.3366019417,145.3452381,184.3452381,261.8452381,342.8452381,389.8452381,459.3452381,145.3452381,1,0,39,2_46104,通常
2026/03/23,2,9,2319,14,2,0,144.9375,165.6428571,1159.5,6957,3552,68100,29.36610608,0.2251456311,1233.107143,1266.107143,1335.607143,1392.607143,1411.607143,1459.107143,1233.107143,1,0,33,2_46104,通常
2026/03/23,2,10,3269,11,7,0,181.6111111,297.1818182,467,9807,3312,129900,39.73692261,0.3173786408,111.1818182,150.1818182,227.6818182,308.6818182,355.6818182,425.1818182,111.1818182,1,0,39,2_46104,通常
2026/03/23,3,1,2413,8,7,0,160.8666667,301.625,344.7142857,7239,2592,92940,38.51636966,0.2342718447,125.0535714,92.05357143,48.69642857,129.6964286,176.6964286,246.1964286,48.69642857,3,0,43.35714286,3_46104,通常
2026/03/23,3,2,452,1,1,0,226,452,452,1356,336,20400,45.13274336,0.04388349515,243.5,282.5,360,441,488,557.5,243.5,1,0,39,3_46104,通常
2026/03/23,3,3,3237,12,9,0,154.1428571,269.75,359.6666667,9711,3744,119340,36.86746988,0.3142718447,77.25,38.25,39.25,120.25,167.25,236.75,38.25,2,0,1,3_46104,通常
2026/03/23,3,4,289,2,0,0,144.5,144.5,,867,480,7740,26.78200692,0.02805825243,742,703,625.5,544.5,497.5,428,428,6,1,69.5,3_46104,通常
2026/03/23,3,5,2988,8,12,0,149.4,373.5,249,8964,3072,117840,39.437751,0.2900970874,340.5,307.5,238,181,162,174.5,162,5,0,12.5,3_46104,通常
2026/03/23,3,6,1120,2,1,0,373.3333333,560,1120,3360,576,55680,49.71428571,0.1087378641,1353.5,1392.5,1470,1551,1598,1667.5,1353.5,1,0,39,3_46104,通常
2026/03/23,3,7,665,1,3,0,166.25,665,221.6666667,1995,528,29340,44.12030075,0.0645631068,673,640,570.5,513.5,494.5,447,447,6,0,47.5,3_46104,通常
2026/03/23,3,8,758,1,1,0,379,758,758,2274,336,38760,51.13456464,0.07359223301,1008.5,1047.5,1125,1206,1253,1322.5,1008.5,1,0,39,3_46104,通常
2026/03/23,3,9,3334,15,8,0,144.9565217,222.2666667,416.75,10002,4368,112680,33.79724055,0.3236893204,62.35833333,95.35833333,164.8583333,221.8583333,240.8583333,288.3583333,62.35833333,1,0,33,3_46104,通常
2026/03/23,3,10,216,0,0,0,,,,648,0,12960,60,0.02097087379,886.5,847.5,770,689,642,572.5,572.5,6,1,69.5,3_46104,通常
2026/03/23,4,1,5897,29,12,0,143.8292683,203.3448276,491.4166667,17691,8112,191580,32.48770561,0.5725242718,193.2801724,226.2801724,295.7801724,352.7801724,371.7801724,419.2801724,193.2801724,1,0,33,4_46104,通常
2026/03/23,4,2,4383,11,17,0,156.5357143,398.4545455,257.8235294,13149,4272,177540,40.5065024,0.4255339806,352.2192513,319.2192513,249.7192513,192.7192513,173.7192513,212.6898396,173.7192513,5,0,19,4_46104,通常
2026/03/23,4,3,3784,13,10,0,164.5217391,291.0769231,378.4,11352,4080,145440,38.43551797,0.3673786408,63.97692308,30.97692308,88.67692308,169.6769231,216.6769231,286.1769231,30.97692308,2,0,33,4_46104,通常
2026/03/23,4,4,6543,24,24,0,136.3125,272.625,272.625,19629,8064,231300,35.35075653,0.6352427184,204.9375,171.1875,101.6875,44.6875,39.5625,109.0625,39.5625,5,0,5.125,4_46104,通常
2026/03/23,4,5,3119,9,11,0,155.95,346.5555556,283.5454545,9357,3216,122820,39.37800577,0.302815534,261.7373737,228.7373737,159.2373737,102.2373737,129.8737374,199.3737374,102.2373737,4,0,27.63636364,4_46104,通常
2026/03/23,4,6,6339,25,27,0,121.9038462,253.56,234.7777778,19017,8592,208500,32.89162328,0.6154368932,280.7733333,241.7733333,164.2733333,83.27333333,63.39333333,33.22666667,33.22666667,6,0,30.16666667,4_46104,通常
2026/03/23,4,7,664,1,0,0,664,664,,1992,240,35040,52.77108434,0.06446601942,1004.5,971.5,902,845,826,778.5,778.5,6,1,47.5,4_46104,通常
2026/03/23,4,8,4936,21,17,0,129.8947368,235.047619,290.3529412,14808,6672,162720,32.96596434,0.479223301,215.9229692,176.9229692,99.42296919,19.48179272,38.48179272,98.07703081,19.48179272,4,0,19,4_46104,通常
2026/03/23,4,9,5371,19,13,0,167.84375,282.6842105,413.1538462,16113,5808,206100,38.37274251,0.5214563107,15.91497976,54.91497976,132.4149798,213.4149798,260.4149798,329.9149798,15.91497976,1,0,39,4_46104,通常
2026/03/23,4,10,3211,9,10,0,169,356.7777778,321.1,9633,3120,130260,40.56680162,0.3117475728,215.6277778,182.6277778,113.1277778,149.4277778,196.4277778,265.9277778,113.1277778,3,0,36.3,4_46104,通常
2026/03/24,1,1,8115,33,29,1,130.8870968,245.9090909,279.8275862,24345,10704,272820,33.61922366,0.7878640777,220.8495298,181.8495298,104.3495298,23.34952978,23.65047022,93.15047022,23.34952978,4,0,0.3009404389,1_46105,特定日
2026/03/24,1,2,3164,13,6,1,166.5263158,243.3846154,527.3333333,9492,3696,115920,36.63716814,0.307184466,207.1153846,240.1153846,309.6153846,366.6153846,392.3846154,461.8846154,207.1153846,1,0,33,1_46105,特定日
2026/03/24,1,3,3400,5,9,1,242.8571429,680,377.7777778,10200,2064,162720,47.85882353,0.3300970874,453.8333333,420.8333333,476.6666667,557.6666667,604.6666667,674.1666667,420.8333333,2,0,33,1_46105,特定日
2026/03/24,1,4,2212,9,3,1,184.3333333,245.7777778,737.3333333,6636,2448,83760,37.86618445,0.2147572816,519.7222222,552.7222222,622.2222222,679.2222222,709.7777778,779.2777778,519.7222222,1,0,33,1_46105,特定日
2026/03/24,1,5,2850,13,7,1,142.5,219.2307692,407.1428571,8550,3792,95160,33.38947368,0.2766990291,56.55494505,83.98351648,153.4835165,210.4835165,229.4835165,276.9835165,56.55494505,1,0,27.42857143,1_46105,特定日
2026/03/24,1,6,7902,40,13,1,149.0943396,197.55,607.8461538,23706,10848,257160,32.54365983,0.767184466,373.7192308,406.7192308,476.2192308,533.2192308,552.2192308,599.7192308,373.7192308,1,0,33,1_46105,特定日
2026/03/24,1,7,9044,35,31,1,137.030303,258.4,291.7419355,27132,11376,315120,34.84298983,0.8780582524,190.4870968,151.4870968,73.98709677,7.012903226,54.01290323,123.5129032,7.012903226,4,0,47,1_46105,特定日
2026/03/24,1,8,4246,19,14,1,128.6666667,223.4736842,303.2857143,12738,5904,136680,32.19029675,0.4122330097,208.0977444,169.0977444,91.59774436,50.45488722,69.45488722,116.9548872,50.45488722,4,0,19,1_46105,特定日
2026/03/24,1,9,3919,14,12,1,150.7307692,279.9285714,326.5833333,11757,4512,144900,36.97371779,0.3804854369,130.5535714,97.55357143,28.05357143,80.80357143,127.8035714,197.3035714,28.05357143,3,0,52.75,1_46105,特定日
2026/03/24,1,10,2943,10,7,1,173.1176471,294.3,420.4285714,8829,3072,115140,39.12334353,0.2857281553,38.44285714,77.44285714,154.9428571,235.9428571,282.9428571,352.4428571,38.44285714,1,0,39,1_46105,特定日
2026/03/24,2,1,1211,3,1,0,302.75,403.6666667,1211,3633,816,56340,46.52353427,0.1175728155,1333.666667,1372.666667,1450.166667,1531.166667,1578.166667,1647.666667,1333.666667,1,0,39,2_46105,通常
2026/03/24,2,2,2598,9,3,0,216.5,288.6666667,866,7794,2448,106920,41.15473441,0.2522330097,701.1666667,740.1666667,817.6666667,898.6666667,945.6666667,1015.166667,701.1666667,1,0,39,2_46105,通常
2026/03/24,2,3,1469,2,4,0,244.8333333,734.5,367.25,4407,864,70860,48.23689585,0.1426213592,524.125,491.125,515.375,596.375,643.375,712.875,491.125,2,0,24.25,2_46105,通常
2026/03/24,2,4,4483,13,13,0,172.4230769,344.8461538,344.8461538,13449,4368,181620,40.5130493,0.4352427184,168.0769231,135.0769231,92.11538462,173.1153846,220.1153846,289.6153846,92.11538462,3,0,42.96153846,2_46105,通常
2026/03/24,2,5,3695,16,10,0,142.1153846,230.9375,369.5,11085,4800,125700,34.01894452,0.3587378641,101.3125,62.3125,85.3125,142.3125,161.3125,212.6875,62.3125,2,0,23,2_46105,通常
2026/03/24,2,6,1179,3,2,0,235.8,393,589.5,3537,912,52500,44.52926209,0.1144660194,390.75,429.75,507.25,588.25,635.25,704.75,390.75,1,0,39,2_46105,通常
2026/03/24,2,7,1390,3,2,0,278,463.3333333,695,4170,912,65160,46.87769784,0.1349514563,619.3333333,658.3333333,735.8333333,816.8333333,863.8333333,933.3333333,619.3333333,1,0,39,2_46105,通常
2026/03/24,2,8,1111,3,1,0,277.75,370.3333333,1111,3333,816,50340,45.31053105,0.1078640777,1150.333333,1189.333333,1266.833333,1347.833333,1394.833333,1464.333333,1150.333333,1,0,39,2_46105,通常
2026/03/24,2,9,1881,4,7,0,171,470.25,268.7142857,5643,1632,80220,42.64752791,0.1826213592,407.6785714,374.6785714,305.1785714,248.1785714,231.3214286,300.8214286,231.3214286,5,0,16.85714286,2_46105,通常
2026/03/24,2,10,1194,7,4,0,108.5454545,170.5714286,298.5,3582,2064,30360,25.42713568,0.1159223301,268.1785714,229.1785714,151.6785714,96.17857143,115.1785714,162.6785714,96.17857143,4,0,19,2_46105,通常
2026/03/24,3,1,1303,2,5,0,186.1428571,651.5,260.6,3909,960,58980,45.2647736,0.1265048544,601.1,568.1,498.6,441.6,422.6,469.9,422.6,5,0,19,3_46105,通常
2026/03/24,3,2,1864,8,3,0,169.4545455,233,621.3333333,5592,2208,67680,36.30901288,0.1809708738,358.5,391.5,461,518,537,592.5,358.5,1,0,33,3_46105,通常
2026/03/24,3,3,350,0,0,0,,,,1050,0,21000,60,0.03398058252,886.5,847.5,770,689,642,572.5,572.5,6,1,69.5,3_46105,通常
2026/03/24,3,4,670,1,2,0,223.3333333,670,335,2010,432,31560,47.10447761,0.06504854369,508,475,405.5,483.5,530.5,600,405.5,3,0,69.5,3_46105,通常
2026/03/24,3,5,3892,16,14,0,129.7333333,243.25,278,11676,5184,129840,33.36073998,0.3778640777,226.25,187.25,109.75,28.75,18.25,87.75,18.25,5,0,10.5,3_46105,通常
2026/03/24,3,6,556,2,1,0,185.3333333,278,556,1668,576,21840,39.28057554,0.05398058252,225.5,264.5,342,423,470,539.5,225.5,1,0,39,3_46105,通常
2026/03/24,3,7,381,0,0,0,,,,1143,0,22860,60,0.03699029126,886.5,847.5,770,689,642,572.5,572.5,6,1,69.5,3_46105,通常
2026/03/24,3,8,3075,11,8,0,161.8421053,279.5454545,384.375,9225,3408,116340,37.83414634,0.2985436893,43.48295455,10.48295455,86.10795455,167.1079545,214.1079545,283.6079545,10.48295455,2,0,33,3_46105,通常
2026/03/24,3,9,4360,17,14,0,140.6451613,256.4705882,311.4285714,13080,5424,153120,35.11926606,0.4233009709,162.8865546,123.8865546,46.38655462,34.61344538,81.61344538,151.1134454,34.61344538,4,0,11.77310924,3_46105,通常
2026/03/24,3,10,1050,2,2,0,262.5,525,525,3150,672,49560,47.2,0.1019417476,426,465,542.5,623.5,670.5,740,426,1,0,39,3_46105,通常
2026/03/24,4,1,2545,8,8,0,159.0625,318.125,318.125,7635,2688,98940,38.8762279,0.2470873786,181.4375,148.4375,78.9375,106.3125,153.3125,222.8125,78.9375,3,0,27.375,4_46105,通常
2026/03/24,4,2,5240,16,15,0,169.0322581,327.5,349.3333333,15720,5280,208800,39.84732824,0.5087378641,144,111,81.5,162.5,209.5,279,81.5,3,0,29.5,4_46105,通常
2026/03/24,4,3,2756,10,7,0,162.1176471,275.6,393.7142857,8268,3072,103920,37.70682148,0.2675728155,25.52857143,18.67142857,96.17142857,177.1714286,224.1714286,293.6714286,18.67142857,2,0,6.857142857,4_46105,通常
2026/03/24,4,4,3088,16,4,0,154.4,193,772,9264,4224,100800,32.64248705,0.2998058252,624.5,657.5,727,784,803,850.5,624.5,1,0,33,4_46105,通常
2026/03/24,4,5,2771,8,9,0,163,346.375,307.8888889,8313,2784,110580,39.90617106,0.2690291262,225.0416667,192.0416667,122.5416667,119.2083333,166.2083333,235.7083333,119.2083333,4,0,3.333333333,4_46105,通常
2026/03/24,4,6,2467,7,5,0,205.5833333,352.4285714,493.4,7401,2160,104820,42.48885286,0.2395145631,206.0285714,245.0285714,322.5285714,403.5285714,450.5285714,520.0285714,206.0285714,1,0,39,4_46105,通常
2026/03/24,4,7,3340,12,7,0,175.7894737,278.3333333,477.1428571,10020,3552,129360,38.73053892,0.3242718447,107.547619,146.547619,224.047619,305.047619,352.047619,421.547619,107.547619,1,0,39,4_46105,通常
2026/03/24,4,8,4273,16,12,0,152.6071429,267.0625,356.0833333,12819,4992,156540,36.63468289,0.4148543689,85.3125,46.3125,31.1875,112.1875,159.1875,228.6875,31.1875,3,0,15.125,4_46105,通常
2026/03/24,4,9,936,2,2,0,234,468,468,2808,672,42720,45.64102564,0.09087378641,283.5,322.5,400,481,528,597.5,283.5,1,0,39,4_46105,通常
2026/03/24,4,10,4475,13,22,0,127.8571429,344.2307692,203.4090909,13425,5232,163860,36.61675978,0.4344660194,379.6171329,346.6171329,277.1171329,220.1171329,201.1171329,153.6171329,153.6171329,6,0,47.5,4_46105,通常
2026/03/25,1,1,6124,28,25,1,115.5471698,218.7142857,244.96,18372,9120,185040,30.2155454,0.5945631068,300.3457143,261.3457143,183.8457143,102.8457143,55.84571429,34.22571429,34.22571429,6,0,21.62,1_46106,特定日
2026/03/25,1,2,2536,5,11,1,158.5,507.2,230.5454545,7608,2256,107040,42.20820189,0.2462135922,501.8818182,468.8818182,399.3818182,342.3818182,323.3818182,280.5181818,280.5181818,6,0,42.86363636,1_46106,特定日
2026/03/25,1,3,7086,28,42,1,101.2285714,253.0714286,168.7142857,21258,10752,210120,29.65283658,0.687961165,380.3571429,341.3571429,263.8571429,182.8571429,162,114.5,114.5,6,0,47.5,1_46106,特定日
2026/03/25,1,4,432,0,2,1,216,,216,1296,192,22080,51.11111111,0.04194174757,562.5,523.5,446,365,318,248.5,248.5,6,1,69.5,1_46106,特定日
2026/03/25,1,5,5668,26,25,1,111.1372549,218,226.72,17004,8640,167280,29.51305575,0.5502912621,328.42,289.42,211.92,130.92,83.92,14.42,14.42,6,0,69.5,1_46106,特定日
2026/03/25,1,6,775,1,2,1,258.3333333,775,387.5,2325,432,37860,48.8516129,0.07524271845,534.25,508.75,586.25,667.25,714.25,783.75,508.75,2,0,25.5,1_46106,特定日
2026/03/25,1,7,8399,36,41,1,109.0779221,233.3055556,204.8536585,25197,12576,252420,30.05357781,0.8154368932,345.9139566,306.9139566,229.4139566,148.4139566,101.4139566,40.52506775,40.52506775,6,0,60.88888889,1_46106,特定日
2026/03/25,1,8,4562,20,16,1,126.7222222,228.1,285.125,13686,6336,147000,32.22270934,0.4429126214,230.7125,191.7125,114.2125,33.2125,37.5875,85.0875,33.2125,4,0,4.375,1_46106,特定日
2026/03/25,1,9,1014,2,2,1,253.5,507,507,3042,672,47400,46.74556213,0.09844660194,381,420,497.5,578.5,625.5,695,381,1,0,39,1_46106,特定日
2026/03/25,1,10,3007,13,10,1,130.7391304,231.3076923,300.7,9021,4080,98820,32.86331892,0.2919417476,204.1423077,165.1423077,87.64230769,38.74230769,57.74230769,109.8576923,38.74230769,4,0,19,1_46106,特定日
2026/03/25,2,1,6492,27,22,1,132.4897959,240.4444444,295.0909091,19476,8592,217680,33.53049908,0.6302912621,203.4191919,164.4191919,86.91919192,21.19191919,41.08080808,110.5808081,21.19191919,4,0,19.88888889,2_46106,特定日
2026/03/25,2,2,1008,1,2,1,336,1008,504,3024,432,51840,51.42857143,0.09786407767,877.5,916.5,994,1075,1122,1191.5,877.5,1,0,39,2_46106,特定日
2026/03/25,2,3,2912,8,9,1,171.2941176,364,323.5555556,8736,2784,119040,40.87912088,0.2827184466,219.1666667,186.1666667,116.6666667,160.3333333,207.3333333,276.8333333,116.6666667,3,0,43.66666667,2_46106,特定日
2026/03/25,2,4,6131,25,18,1,142.5813953,245.24,340.6111111,18393,7728,213300,34.79040939,0.5952427184,130.3433333,91.34333333,27.67666667,84.67666667,114.1566667,183.6566667,27.67666667,3,0,57,2_46106,特定日
2026/03/25,2,5,2756,10,4,1,196.8571429,275.6,689,8268,2784,109680,39.79680697,0.2675728155,422.6,461.6,539.1,620.1,667.1,736.6,422.6,1,0,39,2_46106,特定日
2026/03/25,2,6,1879,2,3,1,375.8,939.5,626.3333333,5637,768,97380,51.82543906,0.1824271845,992.5,1031.5,1109,1190,1237,1306.5,992.5,1,0,39,2_46106,特定日
2026/03/25,2,7,5724,19,18,1,154.7027027,301.2631579,318,17172,6288,217680,38.0293501,0.5557281553,164.7631579,131.7631579,62.26315789,89.26315789,136.2631579,205.7631579,62.26315789,3,0,27,2_46106,特定日
2026/03/25,2,8,2762,7,6,1,212.4615385,394.5714286,460.3333333,8286,2256,120600,43.66401159,0.2681553398,198.5714286,237.5714286,315.0714286,396.0714286,443.0714286,512.5714286,198.5714286,1,0,39,2_46106,特定日
2026/03/25,2,9,6305,28,16,1,143.2954545,225.1785714,394.0625,18915,8256,213180,33.8112609,0.6121359223,70.22767857,58.41517857,127.9151786,184.9151786,203.9151786,251.4151786,58.41517857,2,0,11.8125,2_46106,特定日
2026/03/25,2,10,5502,17,19,1,152.8333333,323.6470588,289.5789474,16506,5904,212040,38.5387132,0.5341747573,229.7786378,196.7786378,127.2786378,70.27863777,116.0154799,185.5154799,70.27863777,4,0,45.73684211,2_46106,特定日
2026/03/25,3,1,5724,24,18,0,136.2857143,238.5,318,17172,7488,193680,33.83647799,0.5557281553,171,132,54.5,57.5,76.5,143,54.5,3,0,3,3_46106,通常
2026/03/25,3,2,422,1,0,0,422,422,,1266,240,20520,48.62559242,0.04097087379,762.5,729.5,660,603,584,536.5,536.5,6,1,47.5,3_46106,通常
2026/03/25,3,3,3607,18,11,0,124.3793103,200.3888889,327.9090909,10821,5376,108900,30.1912947,0.3501941748,194.2474747,155.2474747,77.74747475,110.4747475,129.4747475,176.9747475,77.74747475,3,0,32.72727273,3_46106,通常
2026/03/25,3,4,1824,11,6,0,107.2941176,165.8181818,304,5472,3216,45120,24.73684211,0.1770873786,264.6818182,225.6818182,148.1818182,109.1818182,128.1818182,175.6818182,109.1818182,4,0,19,3_46106,通常
2026/03/25,3,5,951,1,4,0,190.2,951,237.75,2853,624,44580,46.87697161,0.09233009709,934.875,901.875,832.375,775.375,756.375,735.125,735.125,6,0,21.25,3_46106,通常
2026/03/25,3,6,3202,9,12,0,152.4761905,355.7777778,266.8333333,9606,3312,125880,39.31292942,0.3108737864,296.0277778,263.0277778,193.5277778,136.5277778,117.5277778,183.5277778,117.5277778,5,0,19,3_46106,通常
2026/03/25,3,7,1763,10,4,0,125.9285714,176.3,440.75,5289,2784,50100,28.41747022,0.1711650485,144.325,177.325,246.825,303.825,322.825,370.325,144.325,1,0,33,3_46106,通常
2026/03/25,3,8,3188,9,11,0,159.4,354.2222222,289.8181818,9564,3216,126960,39.82434128,0.3095145631,259.9949495,226.9949495,157.4949495,100.4949495,146.9494949,216.4494949,100.4949495,4,0,46.45454545,3_46106,通常
2026/03/25,3,9,276,0,1,0,276,,276,828,96,14640,53.04347826,0.0267961165,472.5,433.5,356,275,252,299.5,252,5,1,23,3_46106,通常
2026/03/25,3,10,653,1,0,0,653,653,,1959,240,34380,52.64931087,0.06339805825,993.5,960.5,891,834,815,767.5,767.5,6,1,47.5,3_46106,通常
2026/03/25,4,1,3745,10,9,0,197.1052632,374.5,416.1111111,11235,3264,159420,42.56875834,0.363592233,112.1666667,151.1666667,228.6666667,309.6666667,356.6666667,426.1666667,112.1666667,1,0,39,4_46106,通常
2026/03/25,4,2,6774,29,18,0,144.1276596,233.5862069,376.3333333,20322,8688,232680,34.3489814,0.6576699029,88.4137931,49.4137931,92.9137931,149.9137931,168.9137931,225.5862069,49.4137931,2,0,39,4_46106,通常
2026/03/25,4,3,5755,18,14,0,179.84375,319.7222222,411.0714286,17265,5664,232020,40.31624674,0.5587378641,49.82936508,88.82936508,166.3293651,247.3293651,294.3293651,363.8293651,49.82936508,1,0,39,4_46106,通常
2026/03/25,4,4,2494,4,5,0,277.1111111,623.5,498.8,7482,1440,120840,48.45228549,0.2421359223,485.2,524.2,601.7,682.7,729.7,799.2,485.2,1,0,39,4_46106,通常
2026/03/25,4,5,6338,26,27,0,119.5849057,243.7692308,234.7407407,19014,8832,203640,32.13000947,0.6153398058,290.6196581,251.6196581,174.1196581,93.11965812,53.65811966,23.38034188,23.38034188,6,0,30.27777778,4_46106,通常
2026/03/25,4,6,7543,31,32,0,119.7301587,243.3225806,235.71875,22629,10512,242340,32.12780061,0.7323300971,289.5992944,250.5992944,173.0992944,92.09929435,51.74445565,24.40070565,24.40070565,6,0,27.34375,4_46106,通常
2026/03/25,4,7,5325,21,16,0,143.9189189,253.5714286,332.8125,15975,6576,187980,35.30140845,0.5169902913,133.7098214,94.70982143,17.20982143,64.64732143,110.7901786,180.2901786,17.20982143,3,0,47.4375,4_46106,通常
2026/03/25,4,8,2810,10,9,0,147.8947368,281,312.2222222,8430,3264,103320,36.76868327,0.272815534,153.1666667,120.1666667,50.66666667,60.33333333,107.3333333,176.8333333,50.66666667,3,0,9.666666667,4_46106,通常
2026/03/25,4,9,4218,15,10,0,168.72,281.2,421.8,12654,4560,161880,38.37837838,0.4095145631,27.4,66.4,143.9,224.9,271.9,341.4,27.4,1,0,39,4_46106,通常
2026/03/25,4,10,2765,28,4,0,86.40625,98.75,691.25,8295,7104,23820,8.61482821,0.2684466019,597.625,630.625,700.125,757.125,776.125,823.625,597.625,1,0,33,4_46106,通常
2026/03/26,1,1,3893,13,8,1,185.3809524,299.4615385,486.625,11679,3888,155820,40.02568713,0.377961165,142.8990385,181.8990385,259.3990385,340.3990385,387.3990385,456.8990385,142.8990385,1,0,39,1_46107,特定日
2026/03/26,1,2,2556,14,6,1,127.8,182.5714286,426,7668,3936,74640,29.20187793,0.2481553398,115.9285714,148.9285714,218.4285714,275.4285714,294.4285714,341.9285714,115.9285714,1,0,33,1_46107,特定日
2026/03/26,1,3,5446,19,19,1,143.3157895,286.6315789,286.6315789,16338,6384,199080,36.55526992,0.5287378641,197.1842105,164.1842105,94.68421053,37.68421053,74.57894737,144.0789474,37.68421053,4,0,36.89473684,1_46107,特定日
2026/03/26,1,4,4784,19,10,1,164.9655172,251.7894737,478.4,14352,5520,176640,36.92307692,0.4644660194,125.3105263,158.3105263,227.8105263,284.8105263,327.3894737,396.8894737,125.3105263,1,0,33,1_46107,特定日
2026/03/26,1,5,3237,8,10,1,179.8333333,404.625,323.7,9711,2880,136620,42.20574606,0.3142718447,259.575,226.575,157.075,201.175,248.175,317.675,157.075,3,0,44.1,1_46107,特定日
2026/03/26,1,6,4130,15,13,1,147.5,275.3333333,317.6923077,12390,4848,150840,36.52300242,0.4009708738,139.2948718,106.2948718,36.79487179,62.87179487,109.8717949,179.3717949,36.79487179,3,0,26.07692308,1_46107,特定日
2026/03/26,1,7,4543,19,14,1,137.6666667,239.1052632,324.5,13629,5904,154500,34.00836452,0.4410679612,160.6447368,121.6447368,44.14473684,66.64473684,85.64473684,153.3552632,44.14473684,3,0,22.5,1_46107,特定日
2026/03/26,1,8,1904,8,2,1,190.4,238,952,5712,2112,72000,37.81512605,0.1848543689,849.5,882.5,952,1009,1028,1093.5,849.5,1,0,33,1_46107,特定日
2026/03/26,1,9,1418,3,4,1,202.5714286,472.6666667,354.5,4254,1104,63000,44.42877292,0.1376699029,281.4166667,248.4166667,234.4166667,315.4166667,362.4166667,431.9166667,234.4166667,3,0,14,1_46107,特定日
2026/03/26,1,10,6553,32,20,1,126.0192308,204.78125,327.65,19659,9600,201180,30.70044255,0.6362135922,190.24375,151.24375,73.74375,105.69375,124.69375,172.19375,73.74375,3,0,31.95,1_46107,特定日
2026/03/26,2,1,5916,28,24,0,113.7692308,211.2857143,246.5,17748,9024,174480,29.49290061,0.574368932,305.4642857,266.4642857,188.9642857,107.9642857,60.96428571,43.96428571,43.96428571,6,0,17,2_46107,通常
2026/03/26,2,2,392,1,0,0,392,392,,1176,240,18720,47.75510204,0.03805825243,732.5,699.5,630,573,554,506.5,506.5,6,1,47.5,2_46107,通常
2026/03/26,2,3,2505,3,7,0,250.5,835,357.8571429,7515,1392,122460,48.88622754,0.2432038835,638.7142857,605.7142857,601.7857143,682.7857143,729.7857143,799.2857143,601.7857143,3,0,3.928571429,2_46107,通常
2026/03/26,2,4,2669,6,6,0,222.4166667,444.8333333,444.8333333,8007,2016,119820,44.89321843,0.2591262136,225.5833333,264.5833333,342.0833333,423.0833333,470.0833333,539.5833333,225.5833333,1,0,39,2_46107,通常
2026/03/26,2,5,3526,15,16,0,113.7419355,235.0666667,220.375,10578,5136,108840,30.86783891,0.3423300971,320.8708333,281.8708333,204.3708333,123.3708333,76.37083333,19.00416667,19.00416667,6,0,57.36666667,2_46107,通常
2026/03/26,2,6,1601,5,3,0,200.125,320.2,533.6666667,4803,1488,66300,41.41161774,0.1554368932,234.2,273.2,350.7,431.7,478.7,548.2,234.2,1,0,39,2_46107,通常
2026/03/26,2,7,3061,10,9,0,161.1052632,306.1,340.1111111,9183,3264,118380,38.67363607,0.297184466,136.4333333,103.4333333,46.26666667,127.2666667,174.2666667,243.7666667,46.26666667,3,0,57.16666667,2_46107,通常
2026/03/26,2,8,727,1,1,0,363.5,727,727,2181,336,36900,50.7565337,0.07058252427,931,970,1047.5,1128.5,1175.5,1245,931,1,0,39,2_46107,通常
2026/03/26,2,9,2506,5,5,0,250.6,501.2,501.2,7518,1680,116760,46.59217877,0.2433009709,366.5,405.5,483,564,611,680.5,366.5,1,0,39,2_46107,通常
2026/03/26,2,10,3114,4,2,0,519,778.5,1557,9342,1152,163800,52.60115607,0.3023300971,2227.5,2266.5,2344,2425,2472,2541.5,2227.5,1,0,39,2_46107,通常
2026/03/26,3,1,1417,3,3,0,236.1666667,472.3333333,472.3333333,4251,1008,64860,45.77275935,0.1375728155,294.3333333,333.3333333,410.8333333,491.8333333,538.8333333,608.3333333,294.3333333,1,0,39,3_46107,通常
2026/03/26,3,2,784,1,4,0,156.8,784,196,2352,624,34560,44.08163265,0.07611650485,830.5,797.5,728,671,652,604.5,604.5,6,0,47.5,3_46107,通常
2026/03/26,3,3,440,2,0,0,220,220,,1320,480,16800,38.18181818,0.0427184466,666.5,627.5,550,469,422,352.5,352.5,6,1,69.5,3_46107,通常
2026/03/26,3,4,476,1,1,0,238,476,476,1428,336,21840,45.88235294,0.04621359223,303.5,342.5,420,501,548,617.5,303.5,1,0,39,3_46107,通常
2026/03/26,3,5,489,1,2,0,163,489,244.5,1467,432,20700,42.33128834,0.04747572816,462.75,429.75,360.25,303.25,284.25,283.25,283.25,6,0,1,3_46107,通常
2026/03/26,3,6,2542,6,10,0,158.875,423.6666667,254.2,7626,2400,104520,41.11723053,0.2467961165,382.8666667,349.8666667,280.3666667,223.3666667,204.3666667,232.4666667,204.3666667,5,0,19,3_46107,通常
2026/03/26,3,7,423,0,2,0,211.5,,211.5,1269,192,21540,50.92198582,0.04106796117,569.25,530.25,452.75,371.75,324.75,255.25,255.25,6,1,69.5,3_46107,通常
2026/03/26,3,8,2194,11,3,0,156.7142857,199.4545455,731.3333333,6582,2928,73080,33.30902461,0.2130097087,557.0454545,590.0454545,659.5454545,716.5454545,735.5454545,783.0454545,557.0454545,1,0,33,3_46107,通常
2026/03/26,3,9,1557,6,4,0,155.7,259.5,389.25,4671,1824,56940,36.57032755,0.1511650485,43.125,16.875,86.375,154.375,201.375,270.875,16.875,2,0,26.25,3_46107,通常
2026/03/26,3,10,682,0,1,0,682,,682,2046,96,39000,57.18475073,0.06621359223,682.5,715.5,785,842,861,908.5,682.5,1,1,33,3_46107,通常
2026/03/26,4,1,5329,20,11,0,171.9032258,266.45,484.4545455,15987,5856,202620,38.02214299,0.5173786408,119.7318182,152.7318182,223.1318182,304.1318182,351.1318182,420.6318182,119.7318182,1,0,33,4_46107,通常
2026/03/26,4,2,3135,7,6,0,241.1538462,447.8571429,522.5,9405,2256,142980,45.6076555,0.304368932,345.1071429,384.1071429,461.6071429,542.6071429,589.6071429,659.1071429,345.1071429,1,0,39,4_46107,通常
2026/03/26,4,3,2013,6,2,0,251.625,335.5,1006.5,6039,1632,88140,43.78539493,0.1954368932,958.75,997.75,1075.25,1156.25,1203.25,1272.75,958.75,1,0,39,4_46107,通常
2026/03/26,4,4,5157,14,19,0,156.2727273,368.3571429,271.4210526,15471,5184,205740,39.89528796,0.5006796117,301.7255639,268.7255639,199.2255639,142.2255639,133.4887218,202.9887218,133.4887218,5,0,8.736842105,4_46107,通常
2026/03/26,4,5,3635,14,8,0,165.2272727,259.6428571,454.375,10905,4128,135540,37.28748281,0.3529126214,81.41964286,114.4196429,183.9196429,252.2053571,299.2053571,368.7053571,81.41964286,1,0,33,4_46107,通常
2026/03/26,4,6,5072,20,13,0,153.6969697,253.6,390.1538462,15216,6048,183360,36.15141956,0.4924271845,47.66923077,24.13076923,93.63076923,150.6307692,196.8307692,266.3307692,24.13076923,2,0,23.53846154,4_46107,通常
2026/03/26,4,7,5805,15,18,0,175.9090909,387,322.5,17415,5328,241740,41.64341085,0.563592233,243.75,210.75,141.25,181.75,228.75,298.25,141.25,3,0,40.5,4_46107,通常
2026/03/26,4,8,2707,7,6,0,208.2307692,386.7142857,451.1666667,8121,2256,117300,43.33210196,0.262815534,176.9642857,215.9642857,293.4642857,374.4642857,421.4642857,490.9642857,176.9642857,1,0,39,4_46107,通常
2026/03/26,4,9,2058,7,3,0,205.8,294,686,6174,1968,84120,40.87463557,0.1998058252,436.5,475.5,553,634,681,750.5,436.5,1,0,39,4_46107,通常
2026/03/26,4,10,5915,21,14,0,169,281.6666667,422.5,17745,6384,227220,38.41420118,0.5742718447,28.91666667,67.91666667,145.4166667,226.4166667,273.4166667,342.9166667,28.91666667,1,0,39,4_46107,通常